"gene_id","ENTREZID","SYMBOL","logFC","t","adj.P.Val"
"ENSG00000067606","5590","PRKCZ",-1.22697505964512,-7.00603442456733,5.62041869606929e-09
"ENSG00000235169","388588","SMIM1",-1.23039371632156,-6.2751527512237,1.16014692688272e-07
"ENSG00000215910","284498","C1orf167",-1.30860366542553,-7.00576341714046,5.61291089476046e-09
"ENSG00000159339","23569","PADI4",-1.49545341358992,-4.2856062898539,0.000190313783728336
"ENSG00000162551","249","ALPL",-1.30619385673265,-6.47195026552577,5.25510526030908e-08
"ENSG00000076864","5909","RAP1GAP",-1.1835807523782,-5.55086467754877,1.99909035166218e-06
"ENSG00000173369","713","C1QB",-1.11938378438571,-4.73279825571593,4.1463394597427e-05
"ENSG00000184454","400746","NCMAP",-1.29418862260644,-5.40071582572525,3.50958564716802e-06
"ENSG00000131910","8431","NR0B2",-1.76556441580124,-5.40003941397941,3.51066640630501e-06
"ENSG00000175707","126695","KDF1",-1.0097353425624,-4.68883705734188,4.8312296126682e-05
"ENSG00000158246","115572","TENT5B",-1.00788516140965,-5.06688553105292,1.23807908331019e-05
"ENSG00000142748","8547","FCN3",-2.51433219892693,-5.16448196431552,8.63269506634866e-06
"ENSG00000119535","1441","CSF3R",-1.82938561514825,-8.42068013002059,1.25357033383415e-11
"ENSG00000168389","84879","MFSD2A",-1.97622701091041,-7.82964959855355,1.68435693599896e-10
"ENSG00000171790","200172","SLFNL1",-1.56554425261423,-7.12185451366267,3.3705555425821e-09
"ENSG00000177181","284716","RIMKLA",-1.98720612642369,-8.88472435616251,1.76086411357667e-12
"ENSG00000179178","128218","TMEM125",-1.67377550349845,-8.24660619070844,2.69837238305022e-11
"ENSG00000253313","149466","C1orf210",-1.78337613994696,-7.86553162253205,1.43923897121599e-10
"ENSG00000162366","10158","PDZK1IP1",-1.18568736334187,-5.36392686751458,4.0409352660877e-06
"ENSG00000117834","200010","SLC5A9",-2.11842256407835,-6.06322826328018,2.67833277429128e-07
"ENSG00000085831","22996","TTC39A",-1.3323746438648,-6.53863863205822,4.01217790445303e-08
"ENSG00000116133","1718","DHCR24",-1.49922220096268,-6.63171148174152,2.73054654087156e-08
"ENSG00000169174","255738","PCSK9",-2.14258930718222,-7.36289913626633,1.23251415942789e-09
"ENSG00000162654","115361","GBP4",-1.01629483872796,-4.51539629133362,8.7549092781102e-05
"ENSG00000134184","2944","GSTM1",-1.60747356877807,-2.37364629090992,0.0386319555787293
"ENSG00000064886","1117","CHI3L2",-2.08306701193956,-6.74755968834852,1.66933389876453e-08
"ENSG00000134216","27159","CHIA",-1.85200218421272,-3.95607336040269,0.000558543715256342
"ENSG00000117281","11126","CD160",-1.15317593058699,-4.21352832144108,0.000242259682628616
"ENSG00000131781","2330","FMO5",-1.90944245791742,-8.00663422118757,7.70995056951784e-11
"ENSG00000150337","2209","FCGR1A",-1.03287222778916,-4.98946004845328,1.64223510959269e-05
"ENSG00000163154","79626","TNFAIP8L2",-1.06324008899831,-6.10291061754117,2.30845519575176e-07
"ENSG00000143416","8991","SELENBP1",-1.05693589561964,-8.06734418356128,5.84437083071947e-11
"ENSG00000163220","6280","S100A9",-1.86302644347472,-7.00591224794237,5.62041869606929e-09
"ENSG00000163221","6283","S100A12",-3.1764167604565,-7.63639967928256,3.8606421047886e-10
"ENSG00000143546","6279","S100A8",-2.36586603521549,-7.62658930721997,4.02717343107816e-10
"ENSG00000189334","57402","S100A14",-1.47288352508188,-6.39995002543805,6.96630122672308e-08
"ENSG00000185499","4582","MUC1",-1.22800900111056,-5.22693845307225,6.84138275730868e-06
"ENSG00000132698","57111","RAB25",-1.06302793436584,-5.28278668664507,5.51003988369857e-06
"ENSG00000073754","922","CD5L",-2.04812506459231,-5.10681751945068,1.06225800490171e-05
"ENSG00000122223","51744","CD244",-1.00528193177058,-4.57497037675945,7.13959755358986e-05
"ENSG00000158764","142683","ITLN2",-3.41963210974153,-7.48903303012198,7.21586864701614e-10
"ENSG00000173110","3310","HSPA6",-1.12676836513108,-5.96198871446522,4.01423729763421e-07
"ENSG00000198574","117157","SH2D1B",-1.13250243994855,-3.59186651315401,0.00169093888710919
"ENSG00000143171","6258","RXRG",-1.061558941454,-4.56924204611239,7.28217086744013e-05
"ENSG00000143355","56956","LHX9",-1.80206824465215,-4.05968926906067,0.000401135107401261
"ENSG00000174567","127845","GOLT1A",-1.86514956948875,-8.49216321386334,9.17035944880088e-12
"ENSG00000174502","115019","SLC26A9",-1.24282159010638,-4.3405630528598,0.000158185451932349
"ENSG00000162896","5284","PIGR",-1.59655084104211,-3.70464962641397,0.00120954834006942
"ENSG00000182795","79098","C1orf116",-1.69680552530268,-6.57063741734926,3.51401211460445e-08
"ENSG00000123836","5208","PFKFB2",-1.09606815687184,-7.97719932895445,8.6676059501026e-11
"ENSG00000123838","722","C4BPA",-1.60136391116494,-5.18423335163441,8.01270557524987e-06
"ENSG00000186205","64757","MTARC1",-1.1995610648006,-9.2221607624896,3.64085597354116e-13
"ENSG00000154342","89780","WNT3A",-1.77933799133384,-6.11770915038934,2.17687722751519e-07
"ENSG00000135773","10753","CAPN9",-1.12216989862774,-3.84811184095416,0.000778816272562367
"ENSG00000143674","84451","MAP3K21",-1.33342798887976,-10.4167020551519,1.94250584282607e-15
"ENSG00000133019","1131","CHRM3",-1.57470223328061,-8.76077685868377,2.91666893101931e-12
"ENSG00000162722","25893","TRIM58",-2.16370272428962,-7.96075469762668,9.31590334718549e-11
"ENSG00000115756","3241","HPCAL1",-1.35442537280051,-11.1121020674418,9.84375609373002e-17
"ENSG00000084710","22979","EFR3B",-1.04808488234538,-6.13213834520346,2.04215217986335e-07
"ENSG00000205086","400950","LINC02898",-1.09687447370072,-2.80301983263536,0.0143136864230124
"ENSG00000055813","114800","CCDC85A",-1.0251440521963,-5.11442772622699,1.03228116557202e-05
"ENSG00000183607","200504","GKN2",-2.03360996083992,-7.97539840603218,8.72457578576136e-11
"ENSG00000115363","84141","EVA1A",-1.24692089069595,-7.46303553326608,8.05330921701824e-10
"ENSG00000168878","6439","SFTPB",-1.6385731844905,-6.6484146371113,2.53457986226021e-08
"ENSG00000144218","3899","AFF3",-1.55732170308835,-8.11552152887386,4.729088645334e-11
"ENSG00000115590","7850","IL1R2",-1.02792478328745,-2.69478026134462,0.0185215134683372
"ENSG00000115602","9173","IL1RL1",-1.26353527417442,-3.29068799693077,0.00401848372351624
"ENSG00000115604","8809","IL18R1",-1.0006381153478,-4.50893637093181,8.94877206675883e-05
"ENSG00000115607","8807","IL18RAP",-1.24646479786095,-4.98018337515581,1.69931015511539e-05
"ENSG00000153093","55289","ACOXL",-1.99349699043608,-9.30943344622495,2.47260214335984e-13
"ENSG00000115008","3552","IL1A",-1.36028185435266,-3.92081654361295,0.000623532927421224
"ENSG00000080293","6344","SCTR",-1.11360246640079,-4.04713053834069,0.000417192595899615
"ENSG00000152128","81615","TMEM163",-1.42394244996559,-8.11361749883107,4.76177944641583e-11
"ENSG00000144278","114805","GALNT13",-2.40660398814542,-6.9859639845858,6.0782958373779e-09
"ENSG00000144285","6323","SCN1A",-2.9713344202029,-9.99943341162677,1.20201514073618e-14
"ENSG00000081479","4036","LRP2",-2.18192229411366,-6.89268740623607,8.98505830784817e-09
"ENSG00000204335","389058","SP5",-1.51159105135913,-6.84255218110172,1.10889589350154e-08
"ENSG00000204334","285141","ERICH2",-1.73853563054733,-6.84446377673196,1.10322601023333e-08
"ENSG00000128645","3231","HOXD1",-1.52054310061534,-7.25464805025961,1.9564718968714e-09
"ENSG00000155657","7273","TTN",-1.6644270178078,-6.21803274504205,1.46357530475502e-07
"ENSG00000163492","285025","CCDC141",-1.07298917374361,-4.33597770503409,0.000160538886397376
"ENSG00000144331","151126","ZNF385B",-2.17635602278504,-10.801965149003,3.6637519772509e-16
"ENSG00000163251","7855","FZD5",-1.5928488171514,-10.6549589148029,7.2454159175564e-16
"ENSG00000115361","33","ACADL",-1.8920788866398,-8.63670140403009,5.11093682024324e-12
"ENSG00000180871","3579","CXCR2",-1.49127317838586,-4.82681021752175,2.967409406343e-05
"ENSG00000163464","3577","CXCR1",-1.94266520059115,-6.0240934402078,3.15944183881125e-07
"ENSG00000163501","3549","IHH",-1.35357253533884,-4.16408298269006,0.000284998665863339
"ENSG00000135917","80704","SLC19A3",-1.59454118579952,-6.85392892660438,1.0640365883142e-08
"ENSG00000163283","250","ALPP",-3.14211688287318,-6.65771919346217,2.44439188020054e-08
"ENSG00000115648","79083","MLPH",-1.58748170329037,-7.91841544819187,1.12800148073435e-10
"ENSG00000124839","64284","RAB17",-1.45004377473641,-7.41446471273347,9.81039714170943e-10
"ENSG00000134115","27255","CNTN6",-1.60714650515446,-6.13447427530871,2.02902605289952e-07
"ENSG00000154764","7476","WNT7A",-1.79268015120901,-6.92294217435181,7.9707490817729e-09
"ENSG00000206557","131405","TRIM71",-2.29157963631878,-10.1651987711387,5.59541768409471e-15
"ENSG00000168329","1524","CX3CR1",-1.6938490840053,-5.23778742179766,6.5487350167136e-06
"ENSG00000114812","7433","VIPR1",-1.95931244892839,-4.70056621100919,4.63891313033566e-05
"ENSG00000121807","729230","CCR2",-1.1679472112892,-4.57680850435068,7.10177378618327e-05
"ENSG00000121797","9034","CCRL2",-1.20356748224502,-7.38049141931256,1.14061474884931e-09
"ENSG00000114646","10675","CSPG5",-1.75484983726476,-6.80908485926504,1.28333863738754e-08
"ENSG00000164047","820","CAMP",-1.11828631596124,-2.91764179995977,0.0107994447656097
"ENSG00000114378","3373","HYAL1",-1.12109289014619,-6.99856954772754,5.77581613486566e-09
"ENSG00000007402","9254","CACNA2D2",-2.23196580489124,-8.52721032959968,7.97696099047634e-12
"ENSG00000114854","7134","TNNC1",-2.09433114780891,-7.65335846343511,3.60863395175105e-10
"ENSG00000056736","55540","IL17RB",-1.27415106468529,-6.92088833813668,8.02675433280158e-09
"ENSG00000157445","55799","CACNA2D3",-1.21990337455682,-6.14625969099719,1.94639110110002e-07
"ENSG00000163421","60675","PROK2",-2.57253739702362,-7.19958044666086,2.45032333033042e-09
"ENSG00000175161","253559","CADM2",-1.58355299260449,-3.34414207426592,0.00346924720148688
"ENSG00000177494","79413","ZBED2",-2.33518999318862,-7.31986495916045,1.48316628660619e-09
"ENSG00000014257","55","ACP3",-1.5214615545897,-8.95990446211258,1.21785799688081e-12
"ENSG00000066405","51208","CLDN18",-2.92116302414212,-5.83858297371881,6.5626283306347e-07
"ENSG00000158220","83850","ESYT3",-1.39456579560362,-6.2301198636058,1.3887757080963e-07
"ENSG00000114113","5948","RBP2",-2.10427514863399,-5.74594787284817,9.34696874129959e-07
"ENSG00000181631","53829","P2RY13",-1.06977840304498,-5.14030585609599,9.40440176694874e-06
"ENSG00000169860","5028","P2RY1",-1.31498362601866,-7.95806039550888,9.39673645422581e-11
"ENSG00000114790","26084","ARHGEF26",-1.00086972720261,-5.54518707047199,2.038670119534e-06
"ENSG00000196549","4311","MME",-1.54908282433279,-6.68378623802828,2.19141042755153e-08
"ENSG00000197415","79674","VEPH1",-2.27172249179414,-9.9864198493599,1.27270414367463e-14
"ENSG00000078070","56922","MCCC1",-1.01208853027331,-9.34757429682045,2.06347171273543e-13
"ENSG00000078081","27074","LAMP3",-2.60269049541217,-9.67089381322756,4.91800889334237e-14
"ENSG00000163898","200879","LIPH",-1.26659069284779,-5.42712635240042,3.18259480910349e-06
"ENSG00000090530","55214","P3H2",-1.44943896854244,-9.45048167786422,1.33813671920312e-13
"ENSG00000127249","84239","ATP13A4",-1.29730039186402,-5.59021360249211,1.72176839611216e-06
"ENSG00000163958","131540","ZDHHC19",-2.31788740694206,-6.93722387765963,7.46849773576429e-09
"ENSG00000157765","10568","SLC34A2",-1.86993488549015,-7.21751361282782,2.27339026618282e-09
"ENSG00000134962","152831","KLB",-1.61510245497575,-3.67055556493176,0.00133848942565839
"ENSG00000171476","84525","HOPX",-1.32822999949869,-7.07748841701546,4.10900703957582e-09
"ENSG00000109205","54959","ODAM",-2.50943648400166,-8.00663451275987,7.65968973799081e-11
"ENSG00000163737","5196","PF4",-2.27091860082584,-4.6657506674756,5.23703279852845e-05
"ENSG00000138769","8999","CDKL2",-1.76551457717323,-8.55347367652722,7.18906375787503e-12
"ENSG00000138772","306","ANXA3",-1.3287032460136,-5.33824745325065,4.45074568925174e-06
"ENSG00000152785","651","BMP3",-1.02045538957482,-3.59108048587468,0.00169495859629927
"ENSG00000138669","5593","PRKG2",-1.4477309823981,-5.9264298409786,4.62510604048322e-07
"ENSG00000138821","64116","SLC39A8",-2.31284527884065,-10.9551499313876,1.86793619437195e-16
"ENSG00000138798","1950","EGF",-1.33134481804719,-5.65670249634565,1.32184729772841e-06
"ENSG00000164161","64399","HHIP",-2.78930917018016,-11.6318500050626,9.3208001103161e-18
"ENSG00000137460","85462","FHDC1",-1.54441979077154,-10.5002677216368,1.41639927455846e-15
"ENSG00000171560","2243","FGA",-1.89760727858352,-3.46845318356326,0.00242896296077146
"ENSG00000171509","59350","RXFP1",-1.79076364676036,-6.89614167141028,8.89324048555107e-09
"ENSG00000052802","6307","MSMO1",-1.33806498589435,-7.08743384644855,3.92746375280695e-09
"ENSG00000109762","83891","SNX25",-1.01365316955202,-6.81020805883266,1.27928521905813e-08
"ENSG00000088926","2160","F11",-2.99211073881805,-8.36318493818493,1.62016338112899e-11
"ENSG00000153395","79888","LPCAT1",-1.57738770548929,-9.11668269837222,5.9452436207803e-13
"ENSG00000170561","153572","IRX2",-1.37213021542133,-6.50051439612427,4.68589260003927e-08
"ENSG00000170549","79192","IRX1",-1.56711415022378,-7.70471876578164,2.87773985334352e-10
"ENSG00000169862","1501","CTNND2",-1.42961410515846,-5.03625118380207,1.37816356817312e-05
"ENSG00000145569","54491","OTULINL",-1.2275198017185,-7.09388477336234,3.82837138272731e-09
"ENSG00000133401","23037","PDZD2",-1.05021496075331,-6.37660081617447,7.62953722733358e-08
"ENSG00000113389","4883","NPR3",-1.41695304889501,-6.42663932313332,6.29363908561647e-08
"ENSG00000177453","167359","NIM1K",-1.19642076069387,-5.90109502679573,5.1066420501235e-07
"ENSG00000112972","3157","HMGCS1",-1.19003798089887,-8.31731627401268,1.97629407725075e-11
"ENSG00000197822","100506658","OCLN",-1.34558355091701,-6.93455123602174,7.58997010777009e-09
"ENSG00000164199","84059","ADGRV1",-1.17026179404351,-4.31025470769996,0.000174848712981823
"ENSG00000173930","353189","SLCO4C1",-2.52020391587867,-8.22187090125448,3.00046454636563e-11
"ENSG00000164400","1437","CSF2",-3.40693349369828,-10.1990553080697,4.75849328108923e-15
"ENSG00000211445","2878","GPX3",-1.46792730558907,-7.8320956252915,1.66783025807967e-10
"ENSG00000155511","2890","GRIA1",-1.8053606244814,-5.22635653755973,6.8549819006382e-06
"ENSG00000113645","23286","WWC1",-1.14050760914356,-6.60068174658435,3.10343044975339e-08
"ENSG00000146094","79930","DOK3",-1.22850469969558,-7.35279024386402,1.28414155616436e-09
"ENSG00000113303","79908","BTNL8",-2.06432236117349,-6.72436251519541,1.84991583656207e-08
"ENSG00000165810","153579","BTNL9",-1.81539162486166,-6.50552145350612,4.58652523316886e-08
"ENSG00000111863","84830","ADTRP",-1.12098856446723,-4.893313089791,2.33536080253398e-05
"ENSG00000112137","221692","PHACTR1",-1.27090113368299,-12.2561117203486,6.05117840241337e-19
"ENSG00000180537","221687","RNF182",-1.15584001691713,-5.87395120224471,5.70905919175831e-07
"ENSG00000232040","114821","SCAND3",-1.03708622051859,-4.45886042485422,0.000106127766224824
"ENSG00000204632","3135","HLA-G",-1.00279670743892,-3.36658798860675,0.00324919777068283
"ENSG00000196260","389376","SFTA2",-2.25194492607648,-9.7078889584912,4.1624388251892e-14
"ENSG00000168631","135656","MUCL3",-2.88437322588593,-7.2326231525253,2.13525269102062e-09
"ENSG00000204420","80739","MPIG6B",-1.39548165623632,-4.84756306170658,2.75021245457252e-05
"ENSG00000204305","177","AGER",-3.00385235939921,-7.66518390880159,3.41136244491182e-10
"ENSG00000112053","116369","SLC26A8",-1.71747233254175,-5.85887895579754,6.0475189326688e-07
"ENSG00000096088","5225","PGC",-1.69481440229999,-4.03551831931203,0.000432628565361193
"ENSG00000171611","171558","PTCRA",-1.4656456636318,-4.64396041037119,5.65380148502384e-05
"ENSG00000181577","221416","LINC03040",-3.08062818677283,-9.11427798491244,5.9879312863415e-13
"ENSG00000112782","53405","CLIC5",-1.32770340421866,-5.83744453488954,6.58640471620784e-07
"ENSG00000112232","202559","KHDRBS2",-1.06065666642148,-4.52852515541672,8.37254970677017e-05
"ENSG00000047936","6098","ROS1",-1.27682493083518,-4.97416406718313,1.73550901354518e-05
"ENSG00000118520","383","ARG1",-1.76253917471714,-3.57113744519913,0.00179649863342612
"ENSG00000112303","8875","VNN2",-1.12252083974236,-4.42386945271633,0.000119464847833893
"ENSG00000135604","8676","STX11",-1.04912677194066,-8.11843641757092,4.72285217308521e-11
"ENSG00000146469","7432","VIP",-1.18359966579865,-5.16308291400951,8.65975262433447e-06
"ENSG00000120437","39","ACAT2",-1.24132826589143,-11.738201054359,5.67209960281478e-18
"ENSG00000146477","6581","SLC22A3",-1.2001216379994,-6.26944916568539,1.18830726323594e-07
"ENSG00000071242","6196","RPS6KA2",-1.04762560325418,-10.9465018943074,1.87847516414974e-16
"ENSG00000009950","51085","MLXIPL",-1.01951170400613,-4.46568851699269,0.000103721905209869
"ENSG00000242265","23089","PEG10",-1.51765918042555,-7.86617061860398,1.43798114122886e-10
"ENSG00000105852","5446","PON3",-1.11738774129655,-6.45575214782952,5.61826536842935e-08
"ENSG00000160862","563","AZGP1",-1.85806072981301,-3.81283367526334,0.000867332249266862
"ENSG00000001626","1080","CFTR",-1.29498346258939,-4.16081054979423,0.000288329982357602
"ENSG00000181072","1129","CHRM2",-1.61802450524428,-3.42947131081434,0.00272457421841366
"ENSG00000188883","346689","KLRG2",-2.10361975459661,-5.67085535717642,1.26064058530316e-06
"ENSG00000257335","8972","MGAM",-1.72925198856845,-5.06373619812903,1.2516809913726e-05
"ENSG00000178826","135932","TMEM139",-1.79870247999684,-7.24747715875228,2.01433692280821e-09
"ENSG00000164690","6469","SHH",-1.78827448384899,-8.54875270898858,7.26336355686764e-12
"ENSG00000164821","1669","DEFA4",-3.18594597982768,-5.92947850228103,4.57667585928375e-07
"ENSG00000239839","1668","DEFA3",-3.01786701506979,-5.35454205714259,4.18372076858028e-06
"ENSG00000154319","83648","FAM167A",-1.86318459774562,-6.95159032112981,7.05830404251373e-09
"ENSG00000168481","203190","LGI3",-2.63999111138452,-7.1334770972954,3.22841906948869e-09
"ENSG00000168484","6440","SFTPC",-2.59610400457978,-5.13399376600784,9.60872884858297e-06
"ENSG00000134020","157310","PEBP4",-2.67787129362419,-10.3419061623969,2.70730385309874e-15
"ENSG00000008853","23221","RHOBTB2",-1.31891065745218,-7.55800553305621,5.355558872632e-10
"ENSG00000120907","148","ADRA1A",-2.11233389531896,-7.39337834685013,1.08010984115314e-09
"ENSG00000156675","80223","RAB11FIP1",-1.17890858628246,-6.460095274551,5.52716551990356e-08
"ENSG00000170786","195814","SDR16C5",-2.17142325774137,-8.63870677967162,5.093815808002e-12
"ENSG00000104369","56704","JPH1",-1.04465273088535,-4.87706520938539,2.47383513587347e-05
"ENSG00000164687","2171","FABP5",-1.11645578378307,-7.61697803966247,4.19781188385139e-10
"ENSG00000104267","760","CA2",-1.58201127440256,-7.96753382568304,9.05048622675063e-11
"ENSG00000123119","64168","NECAB1",-3.27332094658616,-12.5402040509003,2.01959515258797e-19
"ENSG00000205002","441376","AARD",-1.67365446583442,-6.16611924520638,1.79934278054082e-07
"ENSG00000147676","114569","MAL2",-1.06151207026725,-4.98841408309776,1.64866595031158e-05
"ENSG00000155897","114","ADCY8",-1.99608947391067,-4.60059217905791,6.55555389456582e-05
"ENSG00000277494","338328","GPIHBP1",-1.95428388694674,-5.7897860678828,7.89466598715958e-07
"ENSG00000120217","29126","CD274",-1.07128845557687,-5.4289860453634,3.16214361510605e-06
"ENSG00000107295","6456","SH3GL2",-1.9609083150621,-6.42528561575846,6.30421258717389e-08
"ENSG00000107242","8395","PIP5K1B",-1.05690753054629,-5.55035586666851,1.99994112233936e-06
"ENSG00000148123","54886","PLPPR1",-1.54442977050843,-5.97319185986132,3.82377851436436e-07
"ENSG00000188959","401546","C9orf152",-1.15966891105087,-4.81446824562566,3.10299244009788e-05
"ENSG00000119457","57864","SLC46A2",-2.15469224546686,-7.81920891835202,1.75789184837708e-10
"ENSG00000229314","5004","ORM1",-3.25235146333883,-6.84378335786593,1.10889589350154e-08
"ENSG00000228278","5005","ORM2",-2.82182415175618,-6.27368768767879,1.16897023121237e-07
"ENSG00000078725","1620","BRINP1",-1.00039291459289,-2.64254031294411,0.0209679945115259
"ENSG00000167103","138429","PIP5KL1",-1.04078271982028,-5.82336973986882,6.93444843068533e-07
"ENSG00000130720","84929","FIBCD1",-1.10169228832643,-3.75978354296357,0.00102257955180022
"ENSG00000050555","10319","LAMC3",-1.26034851022028,-4.02195948530359,0.000451946626404975
"ENSG00000165702","8328","GFI1B",-1.57761772970331,-4.72832891796483,4.20799475976066e-05
"ENSG00000169583","9022","CLIC3",-1.32475609625852,-5.83602657290605,6.62358231282321e-07
"ENSG00000180549","2529","FUT7",-1.08583197867653,-4.0296500897027,0.000440509729120415
"ENSG00000185736","105","ADARB2",-1.39609522869245,-4.98766241813062,1.65310139510161e-05
"ENSG00000134463","79746","ECHDC3",-1.02466712748549,-7.70437652558482,2.89387506152377e-10
"ENSG00000152463","55301","OLAH",-1.54471369685964,-4.13158322967839,0.000317948106533313
"ENSG00000177283","8325","FZD8",-1.04446252997693,-8.27275285750641,2.39810529053952e-11
"ENSG00000204175","9721","GPRIN2",-1.98112461051746,-8.58987922257024,6.2067786186268e-12
"ENSG00000204176","83849","SYT15",-1.10285920777626,-5.76543238709049,8.63579115208269e-07
"ENSG00000277758","102724488","SYT15B",-1.49446720605265,-6.68253999488893,2.19141042755153e-08
"ENSG00000182010","219790","RTKN2",-2.41445230370672,-6.02522241224748,3.14564941555908e-07
"ENSG00000156510","80201","HKDC1",-1.09559971497234,-4.61013139030239,6.35110845166901e-05
"ENSG00000148734","64106","NPFFR1",-1.28176964362648,-4.44550065041597,0.000111057950883032
"ENSG00000107742","9806","SPOCK2",-1.34601846270921,-5.25385114997474,6.16124854507218e-06
"ENSG00000138308","84647","PLA2G12B",-2.17200303480444,-5.85338409252778,6.16043983543157e-07
"ENSG00000185303","729238","SFTPA2",-2.79378888360951,-8.85753314549652,1.95032274542938e-12
"ENSG00000122852","653509","SFTPA1",-2.7762092444846,-8.57987012725109,6.50324916959095e-12
"ENSG00000133661","6441","SFTPD",-2.231732590518,-7.29110661732909,1.67463559478421e-09
"ENSG00000185737","10718","NRG3",-1.01939147178016,-3.23487714037769,0.00470769916100217
"ENSG00000148677","27063","ANKRD1",-1.89755967300184,-3.6754137893312,0.0013198717755812
"ENSG00000186188","338557","FFAR4",-1.64281234069121,-5.51716991910844,2.26200935909836e-06
"ENSG00000138207","5950","RBP4",-1.00790374740544,-3.7828637162919,0.000953018616388944
"ENSG00000095713","55118","CRTAC1",-2.77597085721956,-9.97690862218925,1.31240601225048e-14
"ENSG00000099194","6319","SCD",-2.09473826335818,-8.87509272357808,1.83171288677854e-12
"ENSG00000119915","83401","ELOVL3",-1.15141714456979,-6.07097291453745,2.59323966182355e-07
"ENSG00000138111","79847","MFSD13A",-1.07138215820973,-7.88814982048404,1.29513563634215e-10
"ENSG00000099849","8045","RASSF7",-1.14865538181705,-7.05170086490979,4.59544173319534e-09
"ENSG00000187486","3767","KCNJ11",-1.13591800020481,-4.74241991334393,3.9996004519599e-05
"ENSG00000006071","6833","ABCC8",-1.42968594796758,-4.2492743733638,0.000215685668237074
"ENSG00000176697","627","BDNF",-1.17149210592581,-4.2294607997004,0.000229949843258182
"ENSG00000149516","932","MS4A3",-1.51521132515344,-3.46111259300835,0.00248249449329787
"ENSG00000166961","219995","MS4A15",-2.83858340677465,-7.15836042381964,2.90926308984392e-09
"ENSG00000124920","745","MYRF",-1.9774794103046,-6.31858854109553,9.71835955276244e-08
"ENSG00000168539","1128","CHRM1",-1.91796927869465,-4.84495105868791,2.7790753155995e-05
"ENSG00000168062","116071","BATF2",-1.28062227366898,-7.34900937870441,1.30286342452095e-09
"ENSG00000149809","7108","TM7SF2",-1.01658893695194,-7.03772697828935,4.87516594741374e-09
"ENSG00000174669","3177","SLC29A2",-1.17025466745805,-6.63154960733266,2.73054654087156e-08
"ENSG00000172893","1717","DHCR7",-1.36360839024787,-8.11767191652282,4.729088645334e-11
"ENSG00000110203","2352","FOLR3",-2.20726244209217,-6.34264898362545,8.81910864019416e-08
"ENSG00000137486","408","ARRB1",-1.06818530876671,-9.13589886811815,5.46815367078704e-13
"ENSG00000062282","84649","DGAT2",-1.26812279876369,-6.66005529221272,2.42014904245221e-08
"ENSG00000151364","65987","KCTD14",-1.69167807596528,-10.7304897687289,5.00013920924217e-16
"ENSG00000118113","4317","MMP8",-1.22587473449554,-2.45309329186622,0.0323994269437072
"ENSG00000137757","838","CASP5",-1.82108367967952,-5.6611235706887,1.30308743571625e-06
"ENSG00000118137","335","APOA1",-1.24895744988774,-4.83655960091913,2.86133983079498e-05
"ENSG00000137709","25833","POU2F3",-1.27183607254919,-5.21547020665895,7.11941819875756e-06
"ENSG00000154146","4900","NRGN",-1.67452791683348,-11.4641043251275,2.05325915042018e-17
"ENSG00000111319","6337","SCNN1A",-1.20130129198389,-4.76250386596833,3.72603440565576e-05
"ENSG00000013588","9052","GPRC5A",-1.41925719951588,-5.6237046411195,1.50174846603833e-06
"ENSG00000008394","4257","MGST1",-1.07686340870195,-5.79207593701768,7.84010251595996e-07
"ENSG00000048540","55885","LMO3",-1.02546152250212,-5.28601065261207,5.44547588633636e-06
"ENSG00000084453","6579","SLCO1A2",-3.36248410197196,-5.61989022296405,1.52538505537248e-06
"ENSG00000188906","120892","LRRK2",-1.5852174035201,-7.65183674033692,3.62847003005511e-10
"ENSG00000167588","2819","GPD1",-1.43691186836636,-4.27916538746369,0.000194617444409165
"ENSG00000139567","94","ACVRL1",-1.01215188663865,-5.08381223416764,1.16066480151299e-05
"ENSG00000123405","4778","NFE2",-2.33130822772044,-9.8147544984239,2.65913038464154e-14
"ENSG00000170439","196410","TMT1B",-1.45442813665072,-5.65271837887279,1.34404018153041e-06
"ENSG00000025423","8630","HSD17B6",-2.17545236812718,-8.79836504854853,2.50261323143559e-12
"ENSG00000166866","4640","MYO1A",-1.16836115750986,-4.65607684688018,5.41458712476064e-05
"ENSG00000135643","27345","KCNMB4",-1.12657478587111,-5.76626670764923,8.63579115208269e-07
"ENSG00000139304","374462","PTPRQ",-1.02573168492575,-3.63727176907516,0.00147741488676881
"ENSG00000136014","84101","USP44",-1.7970171565804,-9.14490202672914,5.22402519843355e-13
"ENSG00000136048","55332","DRAM1",-1.12670864516741,-8.5747501511959,6.62430106457917e-12
"ENSG00000111412","79794","SPRING1",-1.15426965689018,-10.4479483961588,1.74300804782289e-15
"ENSG00000176834","54621","VSIG10",-1.2939524143491,-10.335177180464,2.75202019094575e-15
"ENSG00000170890","5319","PLA2G1B",-2.72850259061508,-6.68414889605472,2.19119544783362e-08
"ENSG00000151948","144423","GLT1D1",-1.40534407196356,-5.31696941197881,4.8400648489389e-06
"ENSG00000102683","6445","SGCG",-1.29686878182021,-5.18387574706383,8.01717215100203e-06
"ENSG00000180730","387914","SHISA2",-1.34590388431574,-5.51578478463146,2.27237690009765e-06
"ENSG00000180440","400120","SERTM1",-2.19305986144443,-5.14392869228193,9.28343612434416e-06
"ENSG00000150893","341640","FREM2",-1.30447004735612,-5.11675289933452,1.02607779778974e-05
"ENSG00000080618","1361","CPB2",-2.39552134441214,-5.29087316687339,5.35212451991625e-06
"ENSG00000102837","10562","OLFM4",-3.47520362677317,-5.79758237080977,7.67992147669424e-07
"ENSG00000184226","5101","PCDH9",-1.00956144618592,-4.8653479742788,2.57533980969925e-05
"ENSG00000136153","4008","LMO7",-1.08588565244198,-5.35526221014407,4.17724165372959e-06
"ENSG00000136155","8796","SCEL",-1.69571319500067,-5.56275063049747,1.91520435439697e-06
"ENSG00000179399","2262","GPC5",-1.1528238348669,-3.88539038221773,0.000692945542190079
"ENSG00000169397","6037","RNASE3",-2.35135560922364,-6.60534119791122,3.03001886733497e-08
"ENSG00000169385","6036","RNASE2",-2.18593401844067,-7.72554149219314,2.6566117667121e-10
"ENSG00000168952","29091","STXBP6",-1.23766041134283,-4.26345850779955,0.000205575928082129
"ENSG00000229415","253970","SFTA3",-1.19251422012487,-5.18430419896468,8.01270557524987e-06
"ENSG00000136352","7080","NKX2-1",-1.22709644882247,-6.09142319653979,2.41618197501005e-07
"ENSG00000139874","6751","SSTR1",-1.52091472246165,-5.59801638559771,1.66863242849717e-06
"ENSG00000183379","646658","SYNDIG1L",-1.20719086710494,-5.21154891086768,7.21581622134007e-06
"ENSG00000119698","57718","PPP4R4",-1.58667626091991,-6.38139538321961,7.47406447517926e-08
"ENSG00000197249","5265","SERPINA1",-1.23954948511978,-5.07786005905023,1.18728927154004e-05
"ENSG00000156414","122402","TDRD9",-1.75055300450954,-8.18272783927516,3.56099121048659e-11
"ENSG00000166183","374569","ASPG",-1.98679249765502,-5.24586333373869,6.35848401611016e-06
"ENSG00000137880","2644","GCHFR",-1.15155093095292,-6.26988220331174,1.18793128062499e-07
"ENSG00000188089","123745","PLA2G4E",-1.16789696353373,-2.61914576116222,0.0221118946139246
"ENSG00000168907","255189","PLA2G4F",-2.27102754236519,-6.52751652854519,4.19238544613259e-08
"ENSG00000140254","90527","DUOXA1",-1.24580812425144,-4.50588519322437,9.0323370725001e-05
"ENSG00000137857","53905","DUOX1",-1.37784269715173,-5.05238453971019,1.30430796035667e-05
"ENSG00000166415","256764","WDR72",-1.44578762879048,-4.39060075465952,0.000133993574410923
"ENSG00000263155","100820829","MYZAP",-1.28404642048051,-4.88580128649599,2.39956040845076e-05
"ENSG00000137878","145781","GCOM1",-1.27541201532007,-4.80597833353092,3.19675671753776e-05
"ENSG00000035664","23604","DAPK2",-1.32300725662216,-6.46074727078314,5.51580574506804e-08
"ENSG00000157734","79856","SNX22",-2.12371948525371,-7.571688848859,5.03721654497687e-10
"ENSG00000186198","123264","SLC51B",-1.11982199015773,-3.66368191381051,0.00136477132598821
"ENSG00000137834","4091","SMAD6",-1.35929660292595,-4.30145623285438,0.000180208251737901
"ENSG00000103811","1512","CTSH",-1.23465935505625,-6.90622204312438,8.49589636908058e-09
"ENSG00000058335","5923","RASGRF1",-1.64003292546375,-8.08552830031417,5.39302454745746e-11
"ENSG00000140600","6457","SH3GL3",-1.23530795500555,-4.12937419627589,0.000320232708768952
"ENSG00000099769","3483","IGFALS",-1.15771917643962,-4.22461283410678,0.000233381177258613
"ENSG00000167972","21","ABCA3",-2.51285788010074,-8.83802987593532,2.13063388924843e-12
"ENSG00000007038","10942","PRSS21",-1.30908397955778,-4.48050309833146,9.86208352509802e-05
"ENSG00000008516","64386","MMP25",-1.55604179433943,-5.47454079862692,2.65887150270503e-06
"ENSG00000103313","4210","MEFV",-1.18849182584382,-4.76160689459447,3.73523788949623e-05
"ENSG00000118898","5493","PPL",-1.03043768342765,-5.17119309726234,8.41754099867038e-06
"ENSG00000213853","2013","EMP2",-1.3418745971688,-6.85232395511643,1.06999274060248e-08
"ENSG00000188897","400499","LOC400499",-1.03327026491644,-4.32179460177933,0.00016834171650985
"ENSG00000005187","6296","ACSM3",-1.30953239386642,-8.82731263814003,2.21514296256327e-12
"ENSG00000140749","10261","IGSF6",-1.03937896309757,-5.32874724992466,4.61962511005771e-06
"ENSG00000176046","26471","NUPR1",-1.19074715024023,-11.138270442742,8.90185060322572e-17
"ENSG00000197165","6799","SULT1A2",-1.12905148028815,-5.72234403142104,1.02553014854263e-06
"ENSG00000052344","5652","PRSS8",-1.167147397807,-4.77332684048134,3.57762276526747e-05
"ENSG00000177508","79191","IRX3",-1.26997912925851,-5.28725036371059,5.42482685487074e-06
"ENSG00000159387","79190","IRX6",-1.57278686302573,-4.89858128988239,2.28915084933001e-05
"ENSG00000102934","51090","PLLP",-1.71622774420061,-8.15208492753452,4.07904253173937e-11
"ENSG00000140932","146225","CMTM2",-1.36573168833161,-4.59692612169202,6.64652130283687e-05
"ENSG00000172840","57546","PDP2",-1.01571878644308,-9.41215424950614,1.50980301501095e-13
"ENSG00000159708","55282","LRRC36",-1.2153883019095,-4.086165088666,0.000368378356030947
"ENSG00000159723","181","AGRP",-2.64004662229242,-7.5220207147124,6.2255692536263e-10
"ENSG00000103067","80004","ESRP2",-1.07317890393538,-5.78188106952027,8.11689836410949e-07
"ENSG00000166816","197257","LDHD",-1.09393618391958,-8.0369964199205,6.65139679175484e-11
"ENSG00000086696","3294","HSD17B2",-1.27478879628237,-3.78177096813663,0.000956175531520323
"ENSG00000140961","29948","OSGIN1",-1.08595489754307,-9.42940045932823,1.41929282598184e-13
"ENSG00000064270","9914","ATP2C2",-1.05868746635263,-3.82692937396154,0.0008313723578657
"ENSG00000259803","146429","SLC22A31",-1.26297869778877,-5.17394239729723,8.34553686321257e-06
"ENSG00000185245","2811","GP1BA",-1.12054519670821,-2.992126361433,0.00895273317866851
"ENSG00000161944","433","ASGR2",-1.23320166771218,-4.86657706281462,2.56249466461559e-05
"ENSG00000179593","247","ALOX15B",-1.43438781391458,-4.43732608924479,0.000114277295371565
"ENSG00000109084","27346","TMEM97",-1.73011792946115,-12.3397397759762,4.70085879626397e-19
"ENSG00000108576","6532","SLC6A4",-1.78307203827163,-2.78794821227626,0.01485394125228
"ENSG00000274736","6368","CCL23",-1.04969029606412,-4.42167874404769,0.000120405464816185
"ENSG00000275410","6928","HNF1B",-1.20618176125301,-6.00219792518145,3.44291516389518e-07
"ENSG00000131771","84152","PPP1R1B",-1.1879463614697,-5.63062238422918,1.46276013004176e-06
"ENSG00000005961","3674","ITGA2B",-1.46189549388003,-5.34028776041282,4.41866646877363e-06
"ENSG00000189120","80320","SP6",-1.27848797019945,-5.56052878491563,1.92832319551671e-06
"ENSG00000167183","79170","PRR15L",-1.19703615263456,-5.34130707282272,4.40612441141911e-06
"ENSG00000167105","162461","TMEM92",-1.1959578122904,-5.4316671609958,3.12977957883865e-06
"ENSG00000166292","55273","TMEM100",-1.9133185820543,-4.99051421702782,1.6357731574767e-05
"ENSG00000005381","4353","MPO",-1.76027982253232,-5.72492408028001,1.01726140220209e-06
"ENSG00000167434","762","CA4",-2.58453554663917,-6.12501655671498,2.1120341386807e-07
"ENSG00000091583","350","APOH",-2.10636790990703,-6.49712162088771,4.75022116454917e-08
"ENSG00000075461","27092","CACNG4",-1.1317582738797,-3.7534784464621,0.00104167246984968
"ENSG00000123700","3759","KCNJ2",-1.00121929176752,-6.10421505572867,2.30012240327554e-07
"ENSG00000186074","146722","CD300LF",-1.25323356870927,-6.13783721122122,2.00608047642838e-07
"ENSG00000181409","9625","AATK",-1.68048343496819,-9.72330644020529,3.93229951011563e-14
"ENSG00000185813","5833","PCYT2",-1.05695950569674,-9.54128299683285,8.92683549393887e-14
"ENSG00000169738","51181","DCXR",-1.30671498885582,-9.88442486005452,1.96190953134235e-14
"ENSG00000169710","2194","FASN",-1.79645142683744,-9.29139063720792,2.66941279106624e-13
"ENSG00000171885","361","AQP4",-1.72651463394044,-5.79391936988168,7.79637230575114e-07
"ENSG00000221887","284293","HMSD",-1.44540445247897,-5.70692946402984,1.08870849205412e-06
"ENSG00000196415","5657","PRTN3",-2.18179900522877,-4.62108703566375,6.12000595033565e-05
"ENSG00000125910","8698","S1PR4",-1.00212178491855,-6.58739598260656,3.26973240842871e-08
"ENSG00000167664","126259","TMIGD2",-1.12980046634573,-4.26524383111935,0.000204186976334617
"ENSG00000214456","440503","PLIN5",-1.63989175146993,-7.74307112968484,2.44678376211387e-10
"ENSG00000171124","2525","FUT3",-1.04516879020666,-4.11758328077446,0.00033312184782036
"ENSG00000130545","92359","CRB3",-1.15421825808997,-6.2116970675045,1.50306285943066e-07
"ENSG00000174837","2015","ADGRE1",-2.06282078229459,-6.8780562966976,9.57627952819153e-09
"ENSG00000076826","57662","CAMSAP3",-1.29182968423776,-5.87060905810695,5.78093352673857e-07
"ENSG00000174788","126006","PCP2",-1.22282584472522,-5.03889561495436,1.36474377542594e-05
"ENSG00000104918","56729","RETN",-1.42978338758426,-3.96808492205191,0.000536025134065706
"ENSG00000183019","199675","MCEMP1",-1.56553734140855,-5.18556612962456,7.98390098263525e-06
"ENSG00000133246","84106","PRAM1",-1.25613821814704,-6.67545262095393,2.26284807744878e-08
"ENSG00000214212","255809","C19orf38",-1.26727400171704,-6.45771577992107,5.5590568315051e-08
"ENSG00000131355","84658","ADGRE3",-1.07879328715046,-4.22277153359106,0.000234897543066407
"ENSG00000175489","126364","LRRC25",-1.20869287816123,-7.30403244864983,1.58404661892062e-09
"ENSG00000245848","1050","CEBPA",-1.70229652445554,-12.4288907794849,3.19016005284205e-19
"ENSG00000105707","3249","HPN",-2.0088479080795,-8.54058882089611,7.58923444326158e-12
"ENSG00000105695","4099","MAG",-1.6115988126995,-3.29741390756023,0.00394890242501661
"ENSG00000126262","2867","FFAR2",-2.49051369505327,-6.72229831439464,1.86891261641863e-08
"ENSG00000105227","57716","PRX",-1.41175060086001,-4.24744657796177,0.000216856834389225
"ENSG00000177191","374907","B3GNT8",-1.55333374837249,-9.97138534748511,1.32143015950418e-14
"ENSG00000170956","1084","CEACAM3",-1.02242786242042,-3.49444638100263,0.00225035258760197
"ENSG00000204936","57126","CD177",-1.32855324900505,-2.88828725976258,0.0116459541109776
"ENSG00000008438","8993","PGLYRP1",-1.89838870235306,-4.49878606122299,9.25415833305072e-05
"ENSG00000124440","64344","HIF3A",-1.23748620507498,-4.35810887897311,0.000149657795246579
"ENSG00000182264","284359","IZUMO1",-1.09357211386188,-3.52558657012081,0.00205770266872281
"ENSG00000174951","2523","FUT1",-1.02009011790435,-5.66436591839272,1.28967686258396e-06
"ENSG00000161640","114132","SIGLEC11",-1.71459814973898,-7.66420102537671,3.40767096232952e-10
"ENSG00000131400","9476","NAPSA",-1.69635613467122,-6.04808414424944,2.85651488348646e-07
"ENSG00000142512","89790","SIGLEC10",-1.11798515508321,-4.33414490172132,0.000161519158625311
"ENSG00000142405","91662","NLRP12",-1.4477005808331,-6.61175220289627,2.95473908685433e-08
"ENSG00000170909","126014","OSCAR",-1.06320746966486,-5.14117387185016,9.37441094604814e-06
"ENSG00000187116","353514","LILRA5",-1.40467055631879,-5.86278323542524,5.96722634215059e-07
"ENSG00000239998","11027","LILRA2",-1.39758992264894,-7.46658965736765,7.93983575773459e-10
"ENSG00000104974","11024","LILRA1",-1.73416713079728,-6.97111470233982,6.48619260028004e-09
"ENSG00000167633","3811","KIR3DL1",-1.34406845267856,-4.35111258186821,0.000152906125964888
"ENSG00000105048","7138","TNNT1",-1.34428298148487,-3.78465075033018,0.000947610972215174
"ENSG00000180061","284417","TMEM150B",-1.09280209623048,-4.722731087897,4.29279537048399e-05
"ENSG00000233493","388564","TMEM238",-1.09983364063619,-5.53527421296283,2.1095518720017e-06
"ENSG00000101255","57761","TRIB3",-1.64042461715828,-11.7632474579727,5.17341544845241e-18
"ENSG00000088827","6614","SIGLEC1",-1.05871940754006,-4.80131916203028,3.24629679548116e-05
"ENSG00000101224","994","CDC25B",-1.03945136005963,-8.93033017681699,1.41472081548932e-12
"ENSG00000125872","164312","LRRN4",-1.90141217635798,-6.16830358882464,1.78782124055964e-07
"ENSG00000172264","140733","MACROD2",-1.31312887011598,-5.88538290142757,5.44695179914157e-07
"ENSG00000125798","3170","FOXA2",-1.56619636717257,-7.47767532461129,7.53384252205572e-10
"ENSG00000149435","92086","GGTLC1",-2.80908690182486,-8.18620176587211,3.54563222857609e-11
"ENSG00000101417","11264","PXMP4",-1.14213242269079,-9.10884186332774,6.11908947013817e-13
"ENSG00000131069","55902","ACSS2",-1.26363814216823,-13.0099737915475,2.68043420980778e-20
"ENSG00000101425","671","BPI",-1.43797677137423,-3.9986073359001,0.000486138236072101
"ENSG00000101098","140730","RIMS4",-1.53171073159279,-4.80231207832293,3.23577959641187e-05
"ENSG00000124134","3787","KCNS1",-2.12467628370511,-6.62338573435338,2.81442344802166e-08
"ENSG00000168703","128488","WFDC12",-3.17751547562366,-8.0994123678226,5.03751692522076e-11
"ENSG00000124102","5266","PI3",-2.31911001317254,-4.36586462186808,0.000145721215329723
"ENSG00000124107","6590","SLPI",-1.36039396351862,-3.45974473197122,0.00249287669111085
"ENSG00000124171","84612","PARD6B",-1.26182724312301,-5.72410848998983,1.02030796360359e-06
"ENSG00000101162","81027","TUBB1",-1.97534151815891,-4.49048348148876,9.52294803421348e-05
"ENSG00000101197","79444","BIRC7",-1.01499346457218,-2.9704323322357,0.00946950246572783
"ENSG00000183145","53820","RIPPLY3",-1.32208120708135,-4.26656618315511,0.000203349586232078
"ENSG00000157551","3772","KCNJ15",-1.12310795714871,-6.74995026489929,1.65432671096978e-08
"ENSG00000160221","8209","GATD3",-1.4777750953322,-2.44227811831296,0.033193753952354
"ENSG00000160285","4047","LSS",-1.01256159479187,-11.0123021392453,1.42117430253319e-16
"ENSG00000099954","27443","CECR2",-1.03984427486028,-5.79132347093265,7.85613256530704e-07
"ENSG00000100033","5625","PRODH",-1.13485119601421,-2.7346163864749,0.0168551775029184
"ENSG00000159496","266747","RGL4",-1.34067680611616,-4.60913678987429,6.36925911675481e-05
"ENSG00000099994","56241","SUSD2",-1.49674364423863,-6.23960153566509,1.33531485678937e-07
"ENSG00000100024","51733","UPB1",-1.55473855253528,-5.58522559438062,1.75168545967307e-06
"ENSG00000133488","284904","SEC14L4",-1.87449757771982,-6.41160382353093,6.66278688389678e-08
"ENSG00000214491","730005","SEC14L6",-1.38147897705028,-7.24909470881678,2.00476848122559e-09
"ENSG00000100078","50487","PLA2G3",-2.05066048735997,-7.64083152790068,3.78467078450258e-10
"ENSG00000100292","3162","HMOX1",-1.10590466169738,-3.1845058228578,0.00539382689071105
"ENSG00000128311","7263","TST",-1.08154356375165,-9.14824205441894,5.18645630271481e-13
"ENSG00000187045","164656","TMPRSS6",-1.09841271010743,-3.5435741711915,0.00194781537698451
"ENSG00000100344","80339","PNPLA3",-1.148106698398,-4.2092742314931,0.000245374047046398
"ENSG00000101916","51311","TLR8",-1.01886930390627,-4.01104804765593,0.000467303009140213
"ENSG00000165197","2277","VEGFD",-1.40063406610825,-5.14741917228122,9.16498773471649e-06
"ENSG00000102104","6247","RS1",-2.99018988701628,-8.37851723299507,1.52037662752363e-11
"ENSG00000180815","389840","MAP3K15",-2.23329671960023,-6.33869289001732,8.92619000197571e-08
"ENSG00000165175","58526","MID1IP1",-1.17886892951023,-12.5782398367614,1.73545462356331e-19
"ENSG00000147155","10682","EBP",-1.16120139121148,-7.57620446027762,4.94487561680689e-10
"ENSG00000171433","392465","GLOD5",-1.29897493593177,-5.22364391049326,6.90438035437829e-06
"ENSG00000169562","2705","GJB1",-1.35165240129945,-3.89821690331168,0.00066706952823323
"ENSG00000133169","55859","BEX1",-1.12321530449396,-4.32873828473468,0.0001644817256997
"ENSG00000147206","56000","NXF3",-1.04876639657976,-3.54803719791698,0.00192347367090698
"ENSG00000133134","84707","BEX2",-1.06020956277525,-5.87937343209679,5.57860311505219e-07
"ENSG00000133135","79589","RNF128",-1.36502252701882,-5.97455687585707,3.81710505870649e-07
"ENSG00000180772","186","AGTR2",-2.80473443289045,-5.6416831868266,1.40161434115509e-06
"ENSG00000268104","11254","SLC6A14",-1.62148404022943,-5.54962453069462,2.00404292682421e-06
"ENSG00000187808","347454","SOWAHD",-1.65984825477125,-8.43653143767017,1.17177391336496e-11
