"reporting_index","theme","theme_label","direction","direction_label","GO_BP_ORA_n","Reactome_ORA_n","GO_BP_ranked_enrichment_n","evidence_streams_present","evidence_class","evidence_priority_rank","interpretive_role"
1,"ECM_fibrotic_remodeling","extracellular-matrix / collagen / fibrotic remodeling","higher_in_IPF","higher in IPF relative to NDC",2,8,3,3,"triangulated",1,"primary_convergent_evidence"
2,"ECM_fibrotic_remodeling","extracellular-matrix / collagen / fibrotic remodeling","lower_in_IPF","lower in IPF relative to NDC",0,0,0,0,"not_represented",5,"no_controlled_pathway_support"
3,"cilium_axoneme_motility","cilium / axoneme / microtubule-associated motility","higher_in_IPF","higher in IPF relative to NDC",11,0,6,2,"cross_method",2,"secondary_convergent_evidence"
4,"cilium_axoneme_motility","cilium / axoneme / microtubule-associated motility","lower_in_IPF","lower in IPF relative to NDC",0,0,0,0,"not_represented",5,"no_controlled_pathway_support"
5,"tissue_structural_remodeling","tissue-development / structural remodeling","higher_in_IPF","higher in IPF relative to NDC",2,1,3,3,"triangulated",1,"primary_convergent_evidence"
6,"tissue_structural_remodeling","tissue-development / structural remodeling","lower_in_IPF","lower in IPF relative to NDC",0,3,0,1,"single_stream",4,"contextual_single_stream_evidence"
7,"mucosal_antimicrobial_innate_immunity","mucosal / antimicrobial / innate immune response","higher_in_IPF","higher in IPF relative to NDC",0,0,0,0,"not_represented",5,"no_controlled_pathway_support"
8,"mucosal_antimicrobial_innate_immunity","mucosal / antimicrobial / innate immune response","lower_in_IPF","lower in IPF relative to NDC",6,1,0,2,"cross_resource",2,"secondary_convergent_evidence"
9,"leukocyte_neutrophil_processes","leukocyte / neutrophil-associated processes","higher_in_IPF","higher in IPF relative to NDC",0,0,0,0,"not_represented",5,"no_controlled_pathway_support"
10,"leukocyte_neutrophil_processes","leukocyte / neutrophil-associated processes","lower_in_IPF","lower in IPF relative to NDC",3,1,0,2,"cross_resource",2,"secondary_convergent_evidence"
11,"surfactant_lipid_sterol_metabolism","surfactant / lipid / sterol metabolism","higher_in_IPF","higher in IPF relative to NDC",0,0,0,0,"not_represented",5,"no_controlled_pathway_support"
12,"surfactant_lipid_sterol_metabolism","surfactant / lipid / sterol metabolism","lower_in_IPF","lower in IPF relative to NDC",1,2,0,2,"cross_resource",2,"secondary_convergent_evidence"
13,"mitochondrial_OXPHOS_ATP","mitochondrial respiration / oxidative phosphorylation / ATP production","higher_in_IPF","higher in IPF relative to NDC",0,0,0,0,"not_represented",5,"no_controlled_pathway_support"
14,"mitochondrial_OXPHOS_ATP","mitochondrial respiration / oxidative phosphorylation / ATP production","lower_in_IPF","lower in IPF relative to NDC",0,0,12,1,"single_stream",4,"contextual_single_stream_evidence"
15,"broad_signalling_or_mixed","broad signalling or mixed processes requiring pathway-specific caution","higher_in_IPF","higher in IPF relative to NDC",5,11,9,3,"triangulated",1,"primary_convergent_evidence"
16,"broad_signalling_or_mixed","broad signalling or mixed processes requiring pathway-specific caution","lower_in_IPF","lower in IPF relative to NDC",10,13,8,3,"triangulated",1,"primary_convergent_evidence"
