"rank_direction","direction","gene_id","SYMBOL","GENENAME","ENTREZID","logFC","AveExpr","t","P.Value","adj.P.Val","B","mapping_status","n_mapping_records","n_symbol","n_entrezid","annotation_clean","enrichment_eligible","age_logFC_reduced","age_logFC_adjusted","age_delta_logFC","age_abs_delta_logFC","age_direction_concordant","age_FDR_reduced","age_FDR_adjusted","strong_age_robust"
1,"Higher in IPF","ENSG00000000971","CFH","complement factor H","3075",1.96126488838615,8.65396412540368,15.6106395048621,1.09866598401914e-28,1.64931737520953e-24,54.7730105749171,"single_mapping_record",1,1,1,TRUE,TRUE,1.97214172302038,1.8161004539001,-0.156041269120281,0.156041269120281,TRUE,9.15981749274947e-24,8.71774039717296e-16,TRUE
2,"Higher in IPF","ENSG00000168675","LDLRAD4","low density lipoprotein receptor class A domain containing 4","753",1.296953458137,5.21469420973878,15.0214850314089,1.63229681602443e-27,1.22520199010793e-23,52.1030571171567,"single_mapping_record",1,1,1,TRUE,TRUE,1.31157265003608,1.23022093364091,-0.0813517163951691,0.0813517163951691,TRUE,1.67653383175014e-23,1.04936744762242e-15,TRUE
3,"Higher in IPF","ENSG00000179954","SSC5D","scavenger receptor cysteine rich family member with 5 domains","284297",2.36478201374781,5.46927229709511,14.8019355402544,4.75195038639346e-27,2.37787597335128e-23,51.0434603921975,"single_mapping_record",1,1,1,TRUE,TRUE,2.40382922163788,2.28339346639297,-0.120435755244914,0.120435755244914,TRUE,2.45674656002147e-23,8.71774039717296e-16,TRUE
4,"Higher in IPF","ENSG00000049323","LTBP1","latent transforming growth factor beta binding protein 1","4052",1.85800379246603,7.69024495437309,14.6368035169197,1.03297941394454e-26,3.87677174053387e-23,50.2727732607001,"single_mapping_record",1,1,1,TRUE,TRUE,1.84449418461574,1.7434944112105,-0.100999773405239,0.100999773405239,TRUE,1.75455776410015e-22,4.71077164883458e-15,TRUE
5,"Higher in IPF","ENSG00000134247","PTGFRN","prostaglandin F2 receptor inhibitor","5738",1.84449090424722,6.14166208112661,14.3688928085084,3.66585734474183e-26,1.10063700918529e-22,49.0128864326157,"single_mapping_record",1,1,1,TRUE,TRUE,1.88514638684622,1.85180587577803,-0.0333405110681908,0.0333405110681908,TRUE,1.1398176809641e-22,1.04936744762242e-15,TRUE
6,"Higher in IPF","ENSG00000131080","EDA2R","ectodysplasin A2 receptor","60401",1.90956185889985,2.79895749810528,14.3007053897853,4.88104069830747e-26,1.22123638271653e-22,48.3596936324571,"single_mapping_record",1,1,1,TRUE,TRUE,1.93336257666879,1.50118914688753,-0.432173429781264,0.432173429781264,TRUE,4.73650415582559e-22,5.62589289985918e-13,TRUE
7,"Higher in IPF","ENSG00000168453","HR","HR lysine demethylase and nuclear receptor corepressor","55806",2.47884946784697,2.77819245605098,14.2675009943091,5.71653830645609e-26,1.22595247223598e-22,48.0761386055269,"single_mapping_record",1,1,1,TRUE,TRUE,2.49602382064775,2.59283730595161,0.0968134853038571,0.0968134853038571,TRUE,4.73650415582559e-22,1.76518213248698e-16,TRUE
8,"Higher in IPF","ENSG00000169855","ROBO1","roundabout guidance receptor 1","6091",1.36559973011077,6.1246672266705,14.1974496040517,8.02408242184761e-26,1.5057190664597e-22,48.2305094513365,"single_mapping_record",1,1,1,TRUE,TRUE,1.35883544353359,1.26139137785209,-0.0974440656815034,0.0974440656815034,TRUE,4.73650415582559e-22,3.08667857941996e-14,TRUE
9,"Higher in IPF","ENSG00000138185","ENTPD1","ectonucleoside triphosphate diphosphohydrolase 1","953",1.3832486276584,6.93208649246677,13.7997529171258,5.42614156194005e-25,9.050804125316e-22,46.3319885164329,"single_mapping_record",1,1,1,TRUE,TRUE,1.41099524403892,1.35910945202201,-0.0518857920169118,0.0518857920169118,TRUE,5.05977375203776e-22,7.32192989613618e-15,TRUE
10,"Higher in IPF","ENSG00000128602","SMO","smoothened, frizzled class receptor","6608",1.7093587360283,4.16584061683168,13.5646867996363,1.67026898115628e-24,2.5074077945118e-21,45.2205576901062,"single_mapping_record",1,1,1,TRUE,TRUE,1.72824334086141,1.75868086797952,0.0304375271181065,0.0304375271181065,TRUE,5.15128110850406e-21,4.71077164883458e-15,TRUE
11,"Higher in IPF","ENSG00000187955","COL14A1","collagen type XIV alpha 1 chain","7373",2.96407599461688,8.10201123550485,13.463713800849,2.81207735649159e-24,3.83771866142289e-21,44.7141139086237,"single_mapping_record",1,1,1,TRUE,TRUE,3.00240302968827,3.00588934102666,0.00348631133839072,0.00348631133839072,TRUE,3.93666415322142e-21,4.71077164883458e-15,TRUE
12,"Higher in IPF","ENSG00000156011","PSD3","pleckstrin and Sec7 domain containing 3","23362",1.26361111005742,5.28137989924221,13.3193944845203,5.48428648613598e-24,6.86084239415612e-21,44.0476390089012,"single_mapping_record",1,1,1,TRUE,TRUE,1.26375422734279,1.18531206952989,-0.0784421578129006,0.0784421578129006,TRUE,2.47453698142001e-20,5.54156760399393e-13,TRUE
13,"Higher in IPF","ENSG00000152049","KCNE4","potassium voltage-gated channel subfamily E regulatory subunit 4","23704",2.42966001751258,3.89635708317102,12.7921587222156,7.44665417996352e-23,7.45261150330749e-20,41.4393525477086,"single_mapping_record",1,1,1,TRUE,TRUE,2.49042744132623,2.27531485924655,-0.215112582079679,0.215112582079679,TRUE,6.27892754975007e-20,3.46222121521356e-13,TRUE
14,"Higher in IPF","ENSG00000204291","COL15A1","collagen type XV alpha 1 chain","1306",2.69105180127521,6.89889478396324,12.71735465299,1.07561671144246e-22,1.00919737951089e-19,41.0882329529855,"single_mapping_record",1,1,1,TRUE,TRUE,2.72150118353886,2.60277283629037,-0.118728347248491,0.118728347248491,TRUE,1.38561212629774e-19,5.91605028257297e-13,TRUE
15,"Higher in IPF","ENSG00000115641","FHL2","four and a half LIM domains 2","2274",2.10262399878909,4.81072340252851,12.3226040107447,7.55249859368905e-22,4.92948299515044e-19,39.1931270648333,"single_mapping_record",1,1,1,TRUE,TRUE,2.13751298262347,2.02374478718217,-0.113768195441295,0.113768195441295,TRUE,9.42638834166119e-19,2.56515985587155e-12,TRUE
16,"Higher in IPF","ENSG00000090104","RGS1","regulator of G protein signaling 1","5996",2.38889417070459,6.8233996903337,12.2795586481937,9.34869265297555e-22,5.8476072544362e-19,38.9369550776649,"single_mapping_record",1,1,1,TRUE,TRUE,2.4261922120153,2.02535142184001,-0.400840790175289,0.400840790175289,TRUE,8.89815525733591e-19,5.10218368274618e-11,TRUE
17,"Higher in IPF","ENSG00000164694","FNDC1","fibronectin type III domain containing 1","84624",4.32316991867498,3.27707627010563,12.2565189101181,1.04803249708731e-21,6.05117840241337e-19,38.4691683845421,"single_mapping_record",1,1,1,TRUE,TRUE,4.3324682315398,4.49406096268765,0.161592731147852,0.161592731147852,TRUE,2.41643781213941e-18,4.71077164883458e-15,TRUE
18,"Higher in IPF","ENSG00000178401","DNAJC22","DnaJ heat shock protein family (Hsp40) member C22","79962",2.78042870812081,0.990286106498891,12.1571791580872,1.67145260633724e-21,9.29327649123504e-19,37.0673661787297,"single_mapping_record",1,1,1,TRUE,TRUE,2.82129579293354,3.18151418459501,0.360218391661469,0.360218391661469,TRUE,1.30897674124697e-18,8.71774039717296e-16,TRUE
19,"Higher in IPF","ENSG00000101230","ISM1","isthmin 1","140862",2.27611437536027,4.61380106898221,12.1267697152588,1.99614971578355e-21,1.07022141190509e-18,38.2379573828162,"single_mapping_record",1,1,1,TRUE,TRUE,2.28249458091146,2.40156717690167,0.11907259599021,0.11907259599021,TRUE,5.15808733512103e-18,3.9124781732014e-13,TRUE
20,"Higher in IPF","ENSG00000139330","KERA","keratocan","11081",3.37748939560068,-1.59614984008358,12.0638000772522,2.66039109891418e-21,1.37716521299654e-18,34.0071207224734,"single_mapping_record",1,1,1,TRUE,TRUE,3.34803592716815,3.0991259092712,-0.248910017896959,0.248910017896959,TRUE,8.86391762822706e-18,3.24373919868594e-11,TRUE
1,"Lower in IPF","ENSG00000131069","ACSS2","acyl-CoA synthetase short chain family member 2","55902",-1.26363814216823,6.25338855101434,-13.0099737915475,2.49973880477677e-23,2.68043420980778e-20,42.523099450618,"single_mapping_record",1,1,1,TRUE,TRUE,-1.22235604137956,-1.12037886686292,0.101977174516632,0.101977174516632,TRUE,6.07263973076876e-19,7.20331957444615e-12,TRUE
2,"Lower in IPF","ENSG00000165175","MID1IP1","MID1 interacting protein 1","58526",-1.17886892951023,5.70276590710074,-12.5782398367614,2.08088084360109e-22,1.73545462356331e-19,40.4145778691161,"single_mapping_record",1,1,1,TRUE,TRUE,-1.15347176947606,-1.14579803050431,0.00767373897174473,0.00767373897174473,TRUE,2.41643781213941e-18,1.509620112009e-12,TRUE
3,"Lower in IPF","ENSG00000123119","NECAB1","N-terminal EF-hand calcium binding protein 1","64168",-3.27332094658616,1.31353017471795,-12.5402040509003,2.55610897276655e-22,2.01959515258797e-19,39.7778852786843,"single_mapping_record",1,1,1,TRUE,TRUE,-3.31096284728971,-3.0000625691843,0.310900278105412,0.310900278105412,TRUE,1.99907075588475e-19,5.67721353517842e-14,TRUE
4,"Lower in IPF","ENSG00000245848","CEBPA","CCAAT enhancer binding protein alpha","1050",-1.70229652445554,4.73945500412126,-12.4288907794849,4.46265395081822e-22,3.19016005284205e-19,39.6866097746033,"single_mapping_record",1,1,1,TRUE,TRUE,-1.69697962299702,-1.63361835048102,0.0633612725159916,0.0633612725159916,TRUE,1.26824723478466e-18,1.70016552476695e-12,TRUE
5,"Lower in IPF","ENSG00000109084","TMEM97","transmembrane protein 97","27346",-1.73011792946115,3.90591823321171,-12.3397397759762,6.88908163587845e-22,4.70085879626397e-19,39.2852055788839,"single_mapping_record",1,1,1,TRUE,TRUE,-1.71569083693222,-1.67144207882953,0.0442487581026849,0.0442487581026849,TRUE,2.81277743714128e-18,1.23259300863952e-12,TRUE
6,"Lower in IPF","ENSG00000112137","PHACTR1","phosphatase and actin regulator 1","221692",-1.27090113368299,4.70601967767165,-12.2561117203486,1.02836016721383e-21,6.05117840241337e-19,38.8538856678728,"single_mapping_record",1,1,1,TRUE,TRUE,-1.27826607602164,-1.31115639224952,-0.0328903162278784,0.0328903162278784,TRUE,9.42638834166119e-19,1.49876042905855e-13,TRUE
7,"Lower in IPF","ENSG00000101255","TRIB3","tribbles pseudokinase 3","57761",-1.64042461715828,3.51168220576229,-11.7632474579727,1.20616533903434e-20,5.17341544845241e-18,36.463298038961,"single_mapping_record",1,1,1,TRUE,TRUE,-1.61022082903174,-1.36717400247597,0.243046826555762,0.243046826555762,TRUE,3.91408961167065e-17,5.97047234373972e-10,TRUE
8,"Lower in IPF","ENSG00000120437","ACAT2","acetyl-CoA acetyltransferase 2","39",-1.24132826589143,4.65029075296864,-11.738201054359,1.36021573208988e-20,5.67209960281478e-18,36.2947745950415,"single_mapping_record",1,1,1,TRUE,TRUE,-1.20700360107718,-1.05595189470972,0.151051706367467,0.151051706367467,TRUE,7.5453027667824e-17,5.87785183758229e-10,TRUE
9,"Lower in IPF","ENSG00000164161","HHIP","hedgehog interacting protein","64399",-2.78930917018016,4.02246437456056,-11.6318500050626,2.35938185579544e-20,9.3208001103161e-18,35.7944986744932,"single_mapping_record",1,1,1,TRUE,TRUE,-2.76132709614215,-2.47508397919351,0.286243116948643,0.286243116948643,TRUE,4.68530188331629e-17,4.34485893861531e-11,TRUE
10,"Lower in IPF","ENSG00000154146","NRGN","neurogranin","4900",-1.67452791683348,4.4926683150057,-11.4641043251275,5.47098094969406e-20,2.05325915042018e-17,34.9265391926701,"single_mapping_record",1,1,1,TRUE,TRUE,-1.64332298690927,-1.47992673141321,0.163396255496056,0.163396255496056,TRUE,1.52303936676626e-16,2.82295724216542e-10,TRUE
11,"Lower in IPF","ENSG00000176046","NUPR1","nuclear protein 1, transcriptional regulator","26471",-1.19074715024023,6.61342152955714,-11.138270442742,2.787016908817e-19,8.90185060322572e-17,33.2667681654798,"single_mapping_record",1,1,1,TRUE,TRUE,-1.16772741950859,-1.23093382245434,-0.0632064029457513,0.0632064029457513,TRUE,1.0704694232762e-15,1.99060159328949e-11,TRUE
12,"Lower in IPF","ENSG00000115756","HPCAL1","hippocalcin like 1","3241",-1.35442537280051,6.09383756328169,-11.1121020674418,3.21365614905174e-19,9.84375609373002e-17,33.1206681928161,"single_mapping_record",1,1,1,TRUE,TRUE,-1.34208610714572,-1.44049997459432,-0.0984138674486035,0.0984138674486035,TRUE,5.16375983434998e-16,5.10579472157925e-12,TRUE
13,"Lower in IPF","ENSG00000160285","LSS","lanosterol synthase","4047",-1.01256159479187,6.3659783186125,-11.0123021392453,5.20680699702407e-19,1.42117430253319e-16,32.6388862368779,"single_mapping_record",1,1,1,TRUE,TRUE,-0.977899256982027,-0.934629387402086,0.0432698695799408,0.0432698695799408,TRUE,1.33803403637073e-15,5.01036671598162e-10,TRUE
14,"Lower in IPF","ENSG00000138821","SLC39A8","solute carrier family 39 member 8","64116",-2.31284527884065,6.92464294302457,-10.9551499313876,7.09248355177198e-19,1.86793619437195e-16,32.362653268621,"single_mapping_record",1,1,1,TRUE,TRUE,-2.3442947854471,-2.29247311641616,0.0518216690309381,0.0518216690309381,TRUE,4.01358775019463e-16,9.95587287596473e-11,TRUE
15,"Lower in IPF","ENSG00000071242","RPS6KA2","ribosomal protein S6 kinase A2","6196",-1.04762560325418,7.46596727381803,-10.9465018943074,7.25763119642184e-19,1.87847516414974e-16,32.341621801831,"single_mapping_record",1,1,1,TRUE,TRUE,-1.04484056863141,-1.01464264446223,0.0301979241691763,0.0301979241691763,TRUE,8.73583085914676e-16,2.49013580716755e-10,TRUE
16,"Lower in IPF","ENSG00000144331","ZNF385B","zinc finger protein 385B","151126",-2.17635602278504,4.07830723434881,-10.801965149003,1.53754579381033e-18,3.6637519772509e-16,31.652069786671,"single_mapping_record",1,1,1,TRUE,TRUE,-2.13929041544957,-2.10443050571225,0.0348599097373117,0.0348599097373117,TRUE,1.750300347242e-15,8.23467086335412e-11,TRUE
17,"Lower in IPF","ENSG00000151364","KCTD14","potassium channel tetramerization domain containing 14","65987",-1.69167807596528,2.50058565449023,-10.7304897687289,2.16499499467587e-18,5.00013920924217e-16,31.3372989393131,"single_mapping_record",1,1,1,TRUE,TRUE,-1.68358920284283,-1.58892937669573,0.0946598261471061,0.0946598261471061,TRUE,1.78397946775613e-15,4.25921717583876e-10,TRUE
18,"Lower in IPF","ENSG00000163251","FZD5","frizzled class receptor 5","7855",-1.5928488171514,4.27098824556932,-10.6549589148029,3.23369881745456e-18,7.2454159175564e-16,30.8952339853318,"single_mapping_record",1,1,1,TRUE,TRUE,-1.59613050702067,-1.59532760853989,0.000802898480779746,0.000802898480779746,TRUE,1.78397946775613e-15,8.27262787293361e-11,TRUE
19,"Lower in IPF","ENSG00000137460","FHDC1","FH2 domain containing 1","85462",-1.54441979077154,4.42719217705396,-10.5002677216368,7.07633530454867e-18,1.41639927455846e-15,30.1097789621181,"single_mapping_record",1,1,1,TRUE,TRUE,-1.51093042118781,-1.25092656186366,0.260003859324148,0.260003859324148,TRUE,8.66231513850025e-15,4.37398113440968e-08,TRUE
20,"Lower in IPF","ENSG00000111412","SPRING1","SREBF pathway regulator in golgi 1","79794",-1.15426965689018,6.15950519018607,-10.4479483961588,9.17250438169522e-18,1.74300804782289e-15,29.788945705888,"single_mapping_record",1,1,1,TRUE,TRUE,-1.15485940615838,-1.2194381407604,-0.0645787346020144,0.0645787346020144,TRUE,6.12275918110359e-15,6.91764352717406e-11,TRUE
