"ID","Description","GeneRatio","BgRatio","RichFactor","FoldEnrichment","zScore","pvalue","p.adjust","qvalue","geneID","Count","BH_significant"
"R-HSA-1474244","Extracellular matrix organization","95/703","294/9062",0.32312925170068,4.16528773671631,16.0001905537906,6.56480439308519e-36,6.63045243701604e-33,6.15018516825875e-33,"4237/1307/1298/255631/7412/1301/1513/9507/63923/7143/54221/92291/4052/72/1281/1290/2335/1293/2199/3680/1294/1295/6696/84570/50859/170690/3673/1404/4015/6678/6444/7148/222663/11131/1310/1303/1300/3696/2006/1278/5054/4017/4325/7373/169044/54829/1515/1306/3371/1289/140766/59/1308/8038/283208/726/4316/4319/4312/4314/4321/4322/4684/8076/8082/3679/4327/4060/1215/1511/4053/7043/70/2200/22801/4016/176/4313/170692/1277/3691/1311/5650/655/1299/9510/11096/80781/4320/2192/1756/1821/1288/1287/827",95,TRUE
"R-HSA-1474228","Degradation of the extracellular matrix","53/703","126/9062",0.420634920634921,5.42218158007632,14.4956878674334,1.27927658472233e-26,6.46034675284777e-24,5.99240084422566e-24,"1307/1298/1301/1513/9507/92291/1281/1290/2335/1293/1294/1295/6696/84570/50859/170690/222663/11131/1310/1303/1300/2006/1278/4325/7373/1515/1306/1289/1308/726/4316/4319/4312/4314/4321/4322/4327/1215/1511/2200/176/4313/170692/1277/5650/1299/9510/11096/80781/4320/1288/1287/827",53,TRUE
"R-HSA-1442490","Collagen degradation","32/703","60/9062",0.533333333333333,6.87491702228544,13.2402572412237,1.95053008441058e-20,6.56678461751562e-18,6.09112903552777e-18,"1307/1298/1301/1513/1281/1290/1293/1294/1295/84570/1310/1303/1300/1278/7373/1306/1289/1308/4316/4319/4312/4314/4321/4322/4327/4313/1277/1299/80781/4320/1288/1287",32,TRUE
"R-HSA-8948216","Collagen chain trimerization","24/703","41/9062",0.585365853658537,7.54564063421573,12.1816273621846,6.6443488969301e-17,1.67769809647485e-14,1.55617645217574e-14,"1307/1298/255631/1301/1281/1290/1293/1294/1295/84570/1310/1303/1300/1278/7373/169044/1306/1289/1308/1277/1299/80781/1288/1287",24,TRUE
"R-HSA-2022090","Assembly of collagen fibrils and other multimeric structures","28/703","57/9062",0.491228070175439,6.33216041526291,11.7108209456371,8.470165695019e-17,1.71097347039384e-14,1.58704157232988e-14,"1298/255631/1301/1281/1290/1293/1294/1295/4015/1303/1300/1278/4017/7373/1515/1306/1289/1308/4316/4314/4322/4016/1277/3691/1299/80781/1288/1287",28,TRUE
"R-HSA-1474290","Collagen formation","34/703","85/9062",0.4,5.15618776671408,11.1641991535509,1.1433324909783e-16,1.9246096931468e-14,1.78520336310647e-14,"1307/1298/255631/1301/1281/1290/1293/1294/1295/84570/4015/1310/1303/1300/1278/4017/7373/169044/1515/1306/1289/140766/1308/283208/4316/4314/4322/4016/1277/3691/1299/80781/1288/1287",34,TRUE
"R-HSA-500792","GPCR ligand binding","59/703","266/9062",0.221804511278195,2.85916426913657,8.92492421937634,5.949487899708e-14,8.58426111243583e-12,7.96247252742875e-12,"83756/1269/9890/183/2786/3973/6869/151/8324/80326/3357/10267/2917/5021/1233/1237/90226/2912/7474/3355/1816/3576/6372/10563/2151/2861/6608/7434/5368/5179/6363/6366/1903/9568/114131/6387/187/170589/643/2784/5744/552/4922/27198/3356/1880/624/623/6367/6347/6354/6356/6357/6752/116/79948/5731/2847/27334",59,TRUE
"R-HSA-3000178","ECM proteoglycans","27/703","67/9062",0.402985074626866,5.19466677989852,9.99362040340868,1.35655485170133e-13,1.71265050027292e-11,1.58859712896603e-11,"1298/63923/7143/1281/1290/2335/1293/3680/3673/1404/6678/7148/1278/5054/54829/3371/1289/4684/3679/4060/7043/176/1277/1311/1299/1288/1287",27,TRUE
"R-HSA-1650814","Collagen biosynthesis and modifying enzymes","26/703","63/9062",0.412698412698413,5.31987626724469,9.97775926779956,1.97301491447329e-13,2.2141611817978e-11,2.05378160687863e-11,"1307/1298/255631/1301/1281/1290/1293/1294/1295/84570/1310/1303/1300/1278/7373/169044/1306/1289/140766/1308/283208/1277/1299/80781/1288/1287",26,TRUE
"R-HSA-372790","Signaling by GPCR","82/703","480/9062",0.170833333333333,2.20212185870081,7.84808002649639,3.14199668543076e-12,3.17341665228507e-10,2.94355478950882e-10,"83756/1269/9890/5999/8490/5996/5997/183/2786/388/3973/6869/151/5136/8324/2335/80326/3357/25791/10267/2917/5021/1233/1237/90226/2912/7474/3355/111/1816/3576/6372/10563/108/2151/5924/27115/26575/1607/2861/6608/9162/7434/5368/5179/26166/6363/6366/1903/9568/114131/10276/6387/187/170589/5138/4314/643/2784/5139/5744/552/4922/27198/26960/3356/1880/624/623/6367/6347/6354/6356/6357/6752/116/2774/79948/5731/5332/2847/27334",82,TRUE
"R-HSA-216083","Integrin cell surface interactions","27/703","80/9062",0.3375,4.35053342816501,8.72892955180383,1.91994789487469e-11,1.7628612489304e-09,1.63517093439089e-09,"1307/1298/7412/1281/1290/2335/1293/3680/1294/1295/6696/3673/1300/3696/1278/3371/1289/3679/4060/2200/22801/1277/1311/1299/80781/1288/1287",27,TRUE
"R-HSA-373076","Class A/1 (Rhodopsin-like receptors)","43/703","191/9062",0.225130890052356,2.90204285299353,7.70440769717774,1.04524150586468e-10,8.79744934102774e-09,8.16021877385585e-09,"1269/9890/183/3973/6869/151/3357/5021/1233/1237/3355/1816/3576/6372/10563/2151/2861/5368/5179/6363/6366/1903/6387/187/170589/643/552/4922/27198/3356/1880/624/623/6367/6347/6354/6356/6357/6752/79948/5731/2847/27334",43,TRUE
"R-HSA-388396","GPCR downstream signalling","70/703","422/9062",0.165876777251185,2.13822952411129,6.94412877127289,5.42356264751339e-10,4.21369097999117e-08,3.90847834517159e-08,"83756/1269/5999/8490/5996/5997/183/2786/388/3973/6869/151/5136/2335/3357/25791/10267/2917/5021/1233/1237/2912/3355/111/1816/3576/6372/10563/108/2151/5924/27115/26575/1607/2861/9162/7434/5368/5179/26166/6363/6366/1903/9568/10276/6387/187/170589/5138/4314/643/2784/5139/5744/552/4922/27198/26960/3356/1880/624/623/6357/6752/116/2774/5731/5332/2847/27334",70,TRUE
"R-HSA-1592389","Activation of Matrix Metalloproteinases","14/703","27/9062",0.518518518518518,6.68394710499974,8.57741447546314,1.95309791402397e-09,1.40902063797444e-07,1.30696025825664e-07,"1513/50859/4325/1515/4316/4319/4312/4314/4322/1215/1511/4313/80781/4320",14,TRUE
"R-HSA-9734767","Developmental Cell Lineages","24/703","80/9062",0.3,3.86714082503556,7.46957784884503,3.85239356218023e-09,2.59394499853469e-07,2.40605633006344e-07,"2707/255631/1301/3713/1281/1290/2335/8626/8842/7980/1278/168620/203111/1289/3852/3848/9071/64714/3866/3861/3872/1277/3691/5650",24,TRUE
"R-HSA-418594","G alpha (i) signalling events","42/703","208/9062",0.201923076923077,2.60288324762009,6.78191533382729,5.85463498119010e-09,3.69573833187625e-07,3.42804285082841e-07,"83756/1269/5999/8490/5996/183/2786/151/5136/2917/1233/1237/2912/3355/111/3576/6372/10563/108/26575/2861/5368/5179/26166/6363/6366/1903/9568/6387/187/643/2784/27198/26960/1880/624/623/6357/6752/2774/5332/2847",42,TRUE
"R-HSA-375276","Peptide ligand-binding receptors","28/703","109/9062",0.256880733944954,3.31131324467877,7.04005950219548,9.38136303359196e-09,5.38974663165541e-07,4.99934810023274e-07,"183/6869/5021/1233/1237/3576/6372/10563/2151/2861/5368/5179/6363/6366/6387/187/643/552/4922/624/623/6367/6347/6354/6356/6357/6752/2847",28,TRUE
"R-HSA-381426","Regulation of Insulin-like Growth Factor (IGF) transport and uptake by Insulin-like Growth Factor Binding Proteins (IGFBPs)","26/703","96/9062",0.270833333333333,3.49116880037933,7.11586942847634,9.60548904651459e-09,5.38974663165541e-07,4.99934810023274e-07,"60676/4052/2335/3485/3488/7857/11167/7018/1356/3490/6696/721/5179/51280/3371/5069/4312/3479/1511/2200/4313/3487/1000/3270/26085/3053",26,TRUE
"R-HSA-9830674","Formation of the ureteric bud","10/703","16/9062",0.625,8.05654338549075,8.19242135099828,3.86679887118492e-08,2.05550887362988e-06,1.90662105005794e-06,"10736/6092/2668/2296/2138/5979/2674/6495/26585/2303",10,TRUE
"R-HSA-1296071","Potassium Channels","20/703","66/9062",0.303030303030303,3.90620285357127,6.87166112772417,6.39899008506024e-08,3.23148999295542e-06,2.99742167142296e-06,"3737/3752/3782/3756/3776/2786/3754/131096/3779/3751/3788/9568/3778/3741/2784/10060/10021/3773/3783/3745",20,TRUE
"R-HSA-3000171","Non-integrin membrane-ECM interactions","21/703","76/9062",0.276315789473684,3.56184023358539,6.5037553484629,1.76053901495138e-07,8.46735431000427e-06,7.85403370078561e-06,"1301/54221/72/1281/1290/2335/3673/6444/1300/1278/3371/1289/59/8082/70/1277/3691/1756/1821/1288/1287",21,TRUE
"R-HSA-6805567","Keratinization","16/703","48/9062",0.333333333333333,4.2968231389284,6.6411923132417,3.10697651558759e-07,1.36436794814933e-05,1.26554192168099e-05,"3713/6699/5317/5318/3853/3852/3848/3860/3866/3861/3868/3872/1825/1830/43849/26085",16,TRUE
"R-HSA-6809371","Formation of the cornified envelope","16/703","48/9062",0.333333333333333,4.2968231389284,6.6411923132417,3.10697651558759e-07,1.36436794814933e-05,1.26554192168099e-05,"3713/6699/5317/5318/3853/3852/3848/3860/3866/3861/3868/3872/1825/1830/43849/26085",16,TRUE
"R-HSA-1566948","Elastic fibre formation","15/703","43/9062",0.348837209302326,4.49667537794833,6.66498098709705,3.71164693416521e-07,1.56198475146119e-05,1.44884463658203e-05,"4237/4052/2335/2199/4015/3696/2006/4017/8076/4053/7043/2200/4016/655/2192",15,TRUE
"R-HSA-9830369","Kidney development","14/703","38/9062",0.368421052631579,4.74912031144718,6.71599242297921,4.20136109881227e-07,1.69734988392016e-05,1.57440479071281e-05,"130497/10736/6092/2668/2296/2138/5979/2674/7490/6495/26585/2303/3172/57526",14,TRUE
"R-HSA-112316","Neuronal System","48/703","293/9062",0.16382252559727,2.11174925599212,5.60988796065143,4.69040327675719e-07,1.82204127289414e-05,1.69006433858862e-05,"2899/5563/3737/3752/3782/3756/3776/2786/3754/2571/6529/80852/131096/111/22865/590/108/5924/3779/347733/2898/3751/3788/9568/3778/9379/91683/1740/3741/2784/10060/8499/26960/84189/10021/2903/10381/22843/3773/2774/116444/3783/50944/6616/3745/1137/54413/2892",48,TRUE
"R-HSA-3906995","Diseases associated with O-glycosylation of proteins","18/703","62/9062",0.290322580645161,3.74239434680861,6.28337616269319,5.96477596450737e-07,2.23126804598239e-05,2.06964936000451e-05,"9507/80731/4585/170690/81792/11174/171019/7058/10071/92949/140766/4588/4586/727897/170692/94025/9510/11096",18,TRUE
"R-HSA-419037","NCAM1 interactions","12/703","34/9062",0.352941176470588,4.54957744121831,6.01324507207642,4.81489306196782e-06,0.000173680071163839,0.000161099805456818,"1298/9048/1281/1290/1293/2668/1289/2674/4684/8913/1299/1287",12,TRUE
"R-HSA-2129379","Molecules associated with elastic fibres","12/703","36/9062",0.333333333333333,4.2968231389284,5.74761673386688,9.50887402390308e-06,0.00032013209213807,0.00029694378530785,"4237/4052/2335/2199/3696/2006/8076/4053/7043/2200/655/2192",12,TRUE
"R-HSA-5083635","Defective B3GALTL causes PpS","12/703","36/9062",0.333333333333333,4.2968231389284,5.74761673386688,9.50887402390308e-06,0.00032013209213807,0.00029694378530785,"9507/80731/170690/81792/11174/171019/7058/92949/140766/170692/9510/11096",12,TRUE
"R-HSA-5173214","O-glycosylation of TSR domain-containing proteins","12/703","37/9062",0.324324324324324,4.18069278382223,5.62195733489767,1.3090889562674e-05,0.000426509627687122,0.000395616017343969,"9507/80731/170690/81792/11174/171019/7058/92949/140766/170692/9510/11096",12,TRUE
"R-HSA-9925563","Developmental Lineage of Pancreatic Ductal Cells","13/703","43/9062",0.302325581395349,3.89711866088855,5.52217140714845,1.35787606675658e-05,0.000428579633570046,0.000397536085333341,"255631/1301/1281/1290/2335/8842/7980/1278/203111/1289/9071/3872/1277",13,TRUE
"R-HSA-380108","Chemokine receptors bind chemokines","14/703","50/9062",0.28,3.60933143669986,5.36527790895298,1.69540068529997e-05,0.000518895361258474,0.000481309923418491,"1233/1237/3576/6372/10563/6363/6366/6387/643/6367/6347/6354/6356/6357",14,TRUE
"R-HSA-5173105","O-linked glycosylation","21/703","99/9062",0.212121212121212,2.73434199749989,5.0316938043688,1.77201346085175e-05,0.000526392233958903,0.000488263770946767,"9507/80731/4585/170690/81792/11174/171019/7058/10071/92949/140766/4588/4586/727897/57452/9245/170692/94025/10331/9510/11096",21,TRUE
"R-HSA-5669034","TNFs bind their physiological receptors","10/703","27/9062",0.37037037037037,4.77424793214267,5.6955647632032,1.85166501963563e-05,0.000534337619951997,0.000495633644353598,"8784/3604/8995/10913/939/8600/608/23495/970/60401",10,TRUE
"R-HSA-9820448","Developmental Cell Lineages of the Exocrine Pancreas","15/703","58/9062",0.258620689655172,3.3337420905479,5.17056113889664,2.42709501579352e-05,0.000680934990542071,0.000631612445630478,"255631/1301/1281/1290/2335/8842/7980/1278/168620/203111/1289/9071/64714/3872/1277",15,TRUE
"R-HSA-2173782","Binding and Uptake of Ligands by Scavenger Receptors","12/703","40/9062",0.3,3.86714082503556,5.27006745475631,3.17841776466604e-05,0.000867622146571001,0.000804777186501502,"78989/1281/3512/6678/1278/286133/3043/55576/3040/3039/1277/284297",12,TRUE
"R-HSA-8957275","Post-translational protein phosphorylation","18/703","84/9062",0.214285714285714,2.76224344645397,4.70548411620805,6.05233187866946e-05,0.00160864610459372,0.00149212614183264,"4052/2335/3488/7857/11167/7018/1356/3490/6696/721/5179/51280/3371/2200/3487/1000/3270/3053",18,TRUE
"R-HSA-9725554","Differentiation of Keratinocytes in Interfollicular Epidermis in Mammalian Skin","9/703","25/9062",0.36,4.64056899004267,5.28586045591486,6.35548112846853e-05,0.00164590665121877,0.00152668777444993,"2707/3713/8626/3852/3848/3866/3861/3691/5650",9,TRUE
"R-HSA-5576891","Cardiac conduction","20/703","101/9062",0.198019801980198,2.55256820134361,4.55010795028095,7.86854589440085e-05,0.00198680783833622,0.00184289627526757,"3752/845/477/844/3776/6328/6326/23704/10699/5350/3751/6588/6327/3741/10060/2259/6263/482/6329/59285",20,TRUE
"R-HSA-1296072","Voltage gated Potassium channels","9/703","26/9062",0.346153846153846,4.46208556734873,5.12654678908673,9.05721266714086e-05,0.00223116702288104,0.00206955565436595,"3737/3752/3756/3754/131096/3751/3788/3741/3745",9,TRUE
"R-HSA-3781865","Diseases of glycosylation","24/703","135/9062",0.177777777777778,2.29163900742848,4.38473987757242,9.7190148850297e-05,0.00233719167473333,0.00216790056332743,"9507/80731/4585/170690/81792/11174/171019/7058/10071/92949/4969/4958/140766/4588/4586/727897/11081/4060/176/4166/170692/94025/9510/11096",24,TRUE
"R-HSA-397014","Muscle contraction","27/703","161/9062",0.167701863354037,2.16175574070311,4.31317351509998,0.000103065946472778,0.00242085130087224,0.00224550042498832,"3752/845/477/844/3776/72/6328/6326/1674/23704/10699/5350/3751/59/6588/6327/3741/10060/2259/6263/70/4629/482/8913/6329/59285/1756",27,TRUE
"R-HSA-3000170","Syndecan interactions","9/703","27/9062",0.333333333333333,4.2968231389284,4.97510233513822,0.000126599864908934,0.00288310266026656,0.00267426927320191,"1281/1290/2335/3673/1278/3371/1289/1277/3691",9,TRUE
"R-HSA-5083625","Defective GALNT3 causes HFTC","6/703","12/9062",0.5,6.4452347083926,5.47358041130572,0.00013130962611115,0.00288310266026656,0.00267426927320191,"4585/10071/4588/4586/727897/94025",6,TRUE
"R-HSA-5083636","Defective GALNT12 causes CRCS1","6/703","12/9062",0.5,6.4452347083926,5.47358041130572,0.00013130962611115,0.00288310266026656,0.00267426927320191,"4585/10071/4588/4586/727897/94025",6,TRUE
"R-HSA-2243919","Crosslinking of collagen fibrils","7/703","17/9062",0.411764705882353,5.30784034808803,5.15547089990293,0.000160009158056527,0.00343849467312962,0.00318943226585238,"4015/1278/4017/4016/1277/1288/1287",7,TRUE
"R-HSA-375165","NCAM signaling for neurite out-growth","13/703","54/9062",0.240740740740741,3.10326115589273,4.4953597982061,0.00018535891880002,0.00390026058308375,0.00361775082745653,"1298/9048/1281/1290/1293/2668/1289/2674/6712/4684/8913/1299/1287",13,TRUE
"R-HSA-5083632","Defective C1GALT1C1 causes TNPS","6/703","13/9062",0.461538461538462,5.94944742313163,5.17865121872635,0.000227910778898509,0.0046529693266376,0.00431593819771491,"4585/10071/4588/4586/727897/94025",6,TRUE
"R-HSA-2672351","Stimuli-sensing channels","17/703","85/9062",0.2,2.57809388335704,4.23901791393981,0.000234731248929874,0.0046529693266376,0.00431593819771491,"266675/9635/845/844/55503/80036/65268/63982/55107/41/121601/59341/161003/259232/6263/162514/65266",17,TRUE
"R-HSA-8874081","MET activates PTK2 signaling","9/703","29/9062",0.310344827586207,4.00049050865748,4.69314331214901,0.000234951916493582,0.0046529693266376,0.00431593819771491,"255631/1301/1281/1290/2335/3673/1278/1289/1277",9,TRUE
"R-HSA-416476","G alpha (q) signalling events","24/703","145/9062",0.16551724137931,2.13359493795065,3.99044271637119,0.000301661100105397,0.00585918675204714,0.00543478500189886,"5999/8490/5996/5997/183/2786/6869/3357/5021/2151/26575/1607/9162/4314/2784/552/4922/3356/624/623/5731/5332/2847/27334",24,TRUE
"R-HSA-2022857","Keratan sulfate degradation","6/703","15/9062",0.4,5.15618776671408,4.6717227300122,0.000580812614290295,0.0110683158572301,0.0102665983459456,"4969/4958/112937/11081/4060/176",6,TRUE
"R-HSA-8875878","MET promotes cell motility","10/703","40/9062",0.25,3.2226173541963,4.08537427964712,0.00073831523876817,0.0138092294658491,0.0128089778265823,"255631/1301/1281/1290/2335/3673/1278/1289/84951/1277",10,TRUE
"R-HSA-983712","Ion channel transport","23/703","150/9062",0.153333333333333,1.97653864390706,3.49732538124572,0.00119350158391618,0.0219170290864607,0.0203295006638354,"266675/9635/845/477/844/23120/5350/55503/80036/65268/63982/55107/6588/41/121601/59341/479/161003/259232/6263/162514/482/65266",23,TRUE
"R-HSA-9926550","Regulation of MITF-M-dependent genes involved in extracellular matrix, focal adhesion and epithelial-to-mesenchymal transition","5/703","12/9062",0.416666666666667,5.3710289236605,4.39378274308793,0.00138380308273809,0.0249578770279549,0.0231500891661072,"727936/6657/3673/5054/1000",5,TRUE
"R-HSA-5621480","Dectin-2 family","6/703","18/9062",0.333333333333333,4.2968231389284,4.06013234769259,0.00176090476034574,0.0312019966306877,0.0289419249622846,"4585/10071/4588/4586/727897/94025",6,TRUE
"R-HSA-446728","Cell junction organization","17/703","102/9062",0.166666666666667,2.1484115694642,3.3824563842828,0.00203889515083132,0.0355048983162005,0.032933152164063,"9076/10686/1004/2318/27319/1308/5818/3852/9071/1001/3861/54549/3691/1000/51129/9073/9075",17,TRUE
"R-HSA-977068","Termination of O-glycan biosynthesis","6/703","19/9062",0.315789473684211,4.07067455266901,3.88546400556439,0.00240687999202998,0.0412025218974623,0.0382180765906633,"4585/10071/4588/4586/727897/94025",6,TRUE
"R-HSA-186797","Signaling by PDGF","11/703","54/9062",0.203703703703704,2.62583636267847,3.47494622946346,0.00248127750240161,0.041768171290427,0.0387427539848672,"1298/1281/1290/1293/6696/7060/7058/1289/80310/1299/1287",11,TRUE
"R-HSA-112314","Neurotransmitter receptors and postsynaptic signal transmission","21/703","140/9062",0.15,1.93357041251778,3.22826035479545,0.00252377939207141,0.0417871669834775,0.0387603737522616,"2899/5563/2786/80852/111/108/5924/347733/2898/9568/1740/2784/26960/2903/10381/22843/3773/2774/116444/1137/2892",21,TRUE
"R-HSA-2022854","Keratan sulfate biosynthesis","7/703","26/9062",0.269230769230769,3.47051099682679,3.6582545323641,0.00292258294396595,0.047609818925897,0.0441612702908268,"4969/4958/11081/4060/176/4166/10331",7,TRUE
"R-HSA-6785807","Interleukin-4 and Interleukin-13 signaling","16/703","97/9062",0.164948453608247,2.12626299658313,3.23399318860237,0.00303821477404796,0.0476915410683737,0.0442370730076629,"7412/2335/6657/3576/1026/7291/1278/4312/4314/2353/4313/6367/246/6347/6356/3598",16,TRUE
"R-HSA-2214320","Anchoring fibril formation","5/703","14/9062",0.357142857142857,4.60373907742329,3.91317820568611,0.0030692575935092,0.0476915410683737,0.0442370730076629,"1294/1278/1277/1288/1287",5,TRUE
"R-HSA-418457","cGMP effects","5/703","14/9062",0.357142857142857,4.60373907742329,3.91317820568611,0.0030692575935092,0.0476915410683737,0.0442370730076629,"5136/3779/3778/10335/5138",5,TRUE
