"metric","value"
"samples",99
"donors",33
"tested_genes",15012
"rho2_reduced",0.30822550113834
"rho2_age_adjusted",0.308927369341435
"pearson_logFC",0.975306507964936
"spearman_logFC",0.959261978907278
"direction_concordance_percent",92.1396216360245
"median_absolute_logFC_change",0.0612442149393872
"FDR_lt_0.05_reduced",7662
"FDR_lt_0.05_age_adjusted",5357
"FDR_overlap",5131
"FDR_reduced_only",2531
"FDR_age_adjusted_only",226
"FDR_jaccard",0.650481744421907
"strong_union_genes",2068
"strong_union_direction_concordance_percent",99.9032882011605
"strong_both_genes",1651
"strong_both_direction_concordance_percent",100
