"ID","Description","GeneRatio","BgRatio","RichFactor","FoldEnrichment","zScore","pvalue","p.adjust","qvalue","geneID","Count","BH_significant","direction","ontology"
"GO:0002385","mucosal immune response","10/423","27/13537",0.37037037037037,11.8527274319236,10.1377334969772,4.18503750792232e-09,1.05209349382851e-05,9.25886364395964e-06,"11126/5284/64284/820/1669/1668/5319/6037/6036/2867",10,TRUE,"Higher_in_IPF","GO_Biological_Process"
"GO:0019730","antimicrobial humoral response","18/423","109/13537",0.165137614678899,5.28479406597697,8.06650307001243,6.88085364847761e-09,1.05209349382851e-05,9.25886364395964e-06,"6280/6283/820/5196/2243/5225/7432/1669/1668/5319/6037/6368/5657/8993/671/128488/5266/6590",18,TRUE,"Higher_in_IPF","GO_Biological_Process"
"GO:0002251","organ or tissue specific immune response","10/423","29/13537",0.344827586206897,11.03529795386,9.71586588522891,9.39415093921826e-09,1.05209349382851e-05,9.25886364395964e-06,"11126/5284/64284/820/1669/1668/5319/6037/6036/2867",10,TRUE,"Higher_in_IPF","GO_Biological_Process"
"GO:0019731","antibacterial humoral response","12/423","46/13537",0.260869565217391,8.34844279987666,8.96602467125877,1.10224567189996e-08,1.05209349382851e-05,9.25886364395964e-06,"820/2243/5225/7432/1669/1668/5319/6037/671/128488/5266/6590",12,TRUE,"Higher_in_IPF","GO_Biological_Process"
"GO:0006959","humoral immune response","23/423","196/13537",0.11734693877551,3.75537945674724,6.97851516472017,4.85478571351085e-08,3.70711437083688e-05,3.26241599947929e-05,"713/8547/6280/6283/922/722/729230/820/5196/2243/5225/7432/1669/1668/5319/6037/6368/5657/8993/671/128488/5266/6590",23,TRUE,"Higher_in_IPF","GO_Biological_Process"
"GO:0042742","defense response to bacterium","23/423","211/13537",0.109004739336493,3.48840935318701,6.54275887323883,1.89736109480852e-07,0.000120735410999649,0.000106252221309277,"115361/11126/2209/6280/6283/6279/57402/820/306/2243/5225/7432/1669/1668/6441/5319/6037/4353/8993/671/128488/5266/6590",23,TRUE,"Higher_in_IPF","GO_Biological_Process"
"GO:0050832","defense response to fungus","10/423","40/13537",0.25,8.00059101654846,7.96331407876353,2.9209537318042e-07,0.000159317162114692,0.000140205779126601,"6280/6283/6279/1524/820/383/7432/1669/1668/4353",10,TRUE,"Higher_in_IPF","GO_Biological_Process"
"GO:0001819","positive regulation of cytokine production","34/423","435/13537",0.0781609195402299,2.50133420287492,5.71611524837618,8.476813796365e-07,0.000394904176492149,0.000347532224466637,"5590/27159/11126/2209/51744/89780/9173/8809/3552/7855/729230/820/5196/1437/3135/177/29126/5004/5005/6833/4317/120892/5319/4210/247/284293/126259/2867/91662/353514/11027/50487/3162/51311",34,TRUE,"Higher_in_IPF","GO_Biological_Process"
"GO:0051046","regulation of secretion","37/423","499/13537",0.0741482965931864,2.37292078246327,5.61226320545082,9.89129256727747e-07,0.000394904176492149,0.000347532224466637,"8431/11126/6279/5208/1131/3552/7273/7476/729230/10675/5028/1950/2243/84830/1080/203190/80223/114/83849/27063/338557/5950/3767/6833/120892/27345/5319/1361/29091/6532/56729/84106/2867/57126/3170/140730/50487",37,TRUE,"Higher_in_IPF","GO_Biological_Process"
"GO:1903530","regulation of secretion by cell","35/423","459/13537",0.0762527233115468,2.44026741245487,5.63801955122522,1.0343220966269e-06,0.000394904176492149,0.000347532224466637,"8431/11126/5208/1131/3552/7273/7476/729230/10675/5028/2243/84830/1080/203190/80223/114/83849/27063/338557/5950/3767/6833/120892/27345/5319/1361/29091/6532/56729/84106/2867/57126/3170/140730/50487",35,TRUE,"Higher_in_IPF","GO_Biological_Process"
"GO:1990266","neutrophil migration","14/423","98/13537",0.142857142857143,4.57176629517055,6.3732413102716,2.03308674889888e-06,0.000668675794583443,0.000588462721267776,"1441/6280/6283/6279/3552/3579/3577/5196/2529/5319/23604/2013/5657/57126",14,TRUE,"Higher_in_IPF","GO_Biological_Process"
"GO:0045056","transcytosis","7/423","21/13537",0.333333333333333,10.6674546887313,7.96242707657754,2.20208956245646e-06,0.000668675794583443,0.000588462721267776,"84879/5284/4036/64284/177/338328/51090",7,TRUE,"Higher_in_IPF","GO_Biological_Process"
"GO:0097529","myeloid leukocyte migration","21/423","208/13537",0.100961538461538,3.23100791052919,5.8234689008404,2.27679029061937e-06,0.000668675794583443,0.000588462721267776,"1441/6280/6283/6279/57402/3552/3579/3577/1524/729230/5196/177/2529/6441/5319/23604/2013/6368/5657/57126/2277",21,TRUE,"Higher_in_IPF","GO_Biological_Process"
"GO:0061844","antimicrobial humoral immune response mediated by antimicrobial peptide","13/423","86/13537",0.151162790697674,4.83756666116884,6.41173609591445,2.46469522345981e-06,0.000672157597369253,0.000591526853630354,"6280/6283/820/5196/5225/7432/1669/1668/5319/6037/6368/8993/671",13,TRUE,"Higher_in_IPF","GO_Biological_Process"
"GO:0009620","response to fungus","10/423","50/13537",0.2,6.40047281323877,6.87079315636849,2.67626253499528e-06,0.000681198023907466,0.000599482807838943,"6280/6283/6279/1524/820/383/7432/1669/1668/4353",10,TRUE,"Higher_in_IPF","GO_Biological_Process"
"GO:0006633","fatty acid biosynthetic process","16/423","130/13537",0.123076923076923,3.93875250045463,6.0466753265323,2.89478965751478e-06,0.000690769182024464,0.000607905828078104,"2944/33/51085/2171/55301/6319/83401/5319/255189/6296/247/2194/57761/55902/50487/58526",16,TRUE,"Higher_in_IPF","GO_Biological_Process"
"GO:0050729","positive regulation of inflammatory response","16/423","133/13537",0.120300751879699,3.84990845909099,5.93181076977706,3.91525270096946e-06,0.000879319694841258,0.000773838180897493,"2209/6280/6283/6279/9173/729230/4317/838/120892/4210/26471/1050/2867/91662/353514/50487",16,TRUE,"Higher_in_IPF","GO_Biological_Process"
"GO:0050900","leukocyte migration","28/423","353/13537",0.0793201133144476,2.5384311440607,5.26004652602885,6.10834335707202e-06,0.00129564749651672,0.00114022409332011,"1441/6280/6283/6279/57402/3552/3579/3577/1524/729230/5196/84830/177/1669/2529/6441/5319/23604/2013/2811/6368/3674/5657/2867/57126/91662/3162/2277",28,TRUE,"Higher_in_IPF","GO_Biological_Process"
"GO:0032760","positive regulation of tumor necrosis factor production","13/423","94/13537",0.138297872340426,4.4258588602183,5.98594967230531,6.80025869571254e-06,0.0013236383014593,0.00116485717467345,"2209/3552/7855/729230/5196/177/5004/5005/6833/4317/120892/353514/11027",13,TRUE,"Higher_in_IPF","GO_Biological_Process"
"GO:0006066","alcohol metabolic process","25/423","297/13537",0.0841750841750842,2.69380168907356,5.30083835058465,6.93367365877057e-06,0.0013236383014593,0.00116485717467345,"8431/1718/255738/2330/51744/4036/33/55/5028/5593/6307/3157/1080/195814/5950/7108/1717/84649/335/8630/6799/1050/55902/4047/10682",25,TRUE,"Higher_in_IPF","GO_Biological_Process"
"GO:0002697","regulation of immune effector process","28/423","361/13537",0.0775623268698061,2.48217782230866,5.12636925480882,9.31354612922151e-06,0.00141939629631873,0.00124912822305682,"5590/8547/11126/2209/6280/922/51744/117157/722/8809/8807/7855/1524/729230/3135/177/5225/383/563/29126/2529/5950/335/84106/2867/57126/8993/50487",28,TRUE,"Higher_in_IPF","GO_Biological_Process"
"GO:0032611","interleukin-1 beta production","12/423","83/13537",0.144578313253012,4.62684781679911,5.95237705987214,9.64014575001978e-06,0.00141939629631873,0.00124912822305682,"7855/1524/177/5004/5005/338557/335/4210/91662/353514/11027/51311",12,TRUE,"Higher_in_IPF","GO_Biological_Process"
"GO:0032651","regulation of interleukin-1 beta production","12/423","83/13537",0.144578313253012,4.62684781679911,5.95237705987214,9.64014575001978e-06,0.00141939629631873,0.00124912822305682,"7855/1524/177/5004/5005/338557/335/4210/91662/353514/11027/51311",12,TRUE,"Higher_in_IPF","GO_Biological_Process"
"GO:0032612","interleukin-1 production","13/423","97/13537",0.134020618556701,4.28897662742804,5.83841264857991,9.66587315460633e-06,0.00141939629631873,0.00124912822305682,"7850/7855/1524/177/5004/5005/338557/335/4210/91662/353514/11027/51311",13,TRUE,"Higher_in_IPF","GO_Biological_Process"
"GO:0032652","regulation of interleukin-1 production","13/423","97/13537",0.134020618556701,4.28897662742804,5.83841264857991,9.66587315460633e-06,0.00141939629631873,0.00124912822305682,"7850/7855/1524/177/5004/5005/338557/335/4210/91662/353514/11027/51311",13,TRUE,"Higher_in_IPF","GO_Biological_Process"
"GO:1903557","positive regulation of tumor necrosis factor superfamily cytokine production","13/423","97/13537",0.134020618556701,4.28897662742804,5.83841264857991,9.66587315460633e-06,0.00141939629631873,0.00124912822305682,"2209/3552/7855/729230/5196/177/5004/5005/6833/4317/120892/353514/11027",13,TRUE,"Higher_in_IPF","GO_Biological_Process"
"GO:0008203","cholesterol metabolic process","14/423","117/13537",0.11965811965812,3.82934270877533,5.5201387644818,1.67030750606844e-05,0.00227074754725602,0.00199835300125203,"8431/1718/255738/2330/33/6307/3157/1080/7108/1717/335/1050/4047/10682",14,TRUE,"Higher_in_IPF","GO_Biological_Process"
"GO:0097530","granulocyte migration","15/423","133/13537",0.112781954887218,3.6092891803978,5.43098484878467,1.72440018313994e-05,0.00227074754725602,0.00199835300125203,"1441/6280/6283/6279/57402/3552/3579/3577/5196/2529/5319/23604/2013/5657/57126",15,TRUE,"Higher_in_IPF","GO_Biological_Process"
"GO:0002227","innate immune response in mucosa","6/423","19/13537",0.315789473684211,10.1060097051138,7.13339799110888,1.72476895941395e-05,0.00227074754725602,0.00199835300125203,"820/1669/1668/5319/6037/6036",6,TRUE,"Higher_in_IPF","GO_Biological_Process"
"GO:0071706","tumor necrosis factor superfamily cytokine production","16/423","150/13537",0.106666666666667,3.41358550039401,5.33844106829154,1.84441359471253e-05,0.00227160358213305,0.00199910634781745,"2209/3552/7855/1524/729230/5196/177/29126/5004/5005/6833/4317/120892/353514/11027/671",16,TRUE,"Higher_in_IPF","GO_Biological_Process"
"GO:1903555","regulation of tumor necrosis factor superfamily cytokine production","16/423","150/13537",0.106666666666667,3.41358550039401,5.33844106829154,1.84441359471253e-05,0.00227160358213305,0.00199910634781745,"2209/3552/7855/1524/729230/5196/177/29126/5004/5005/6833/4317/120892/353514/11027/671",16,TRUE,"Higher_in_IPF","GO_Biological_Process"
"GO:0051047","positive regulation of secretion","22/423","260/13537",0.0846153846153846,2.70789234406256,4.99395879821236,2.2758957293312e-05,0.00268824595087309,0.00236576909243939,"8431/11126/6279/5208/1131/3552/7273/5028/2243/1080/114/27063/338557/5950/6833/5319/1361/6532/56729/2867/57126/50487",22,TRUE,"Higher_in_IPF","GO_Biological_Process"
"GO:0002274","myeloid leukocyte activation","20/423","223/13537",0.0896860986547085,2.87016718082456,5.05738892843103,2.32352321578869e-05,0.00268824595087309,0.00236576909243939,"6283/9173/8807/3579/1524/729230/820/306/1437/177/116071/4317/120892/146722/84106/1050/57126/11027/671/50487",20,TRUE,"Higher_in_IPF","GO_Biological_Process"
"GO:1903532","positive regulation of secretion by cell","21/423","245/13537",0.0857142857142857,2.74305977710233,4.94479081594571,2.87891517445874e-05,0.00323285239296573,0.00284504558417099,"8431/11126/5208/1131/3552/7273/5028/2243/1080/114/27063/338557/5950/6833/5319/1361/6532/56729/2867/57126/50487",21,TRUE,"Higher_in_IPF","GO_Biological_Process"
"GO:0001906","cell killing","18/423","192/13537",0.09375,3.00022163120567,5.01322517333011,3.29457128499029e-05,0.00359390661888369,0.00316278843359068,"11126/2209/6283/922/8807/1524/820/5196/3135/177/383/563/1669/1668/1512/2013/8993/3811",18,TRUE,"Higher_in_IPF","GO_Biological_Process"
"GO:0140962","multicellular organismal-level chemical homeostasis","10/423","66/13537",0.151515151515152,4.8488430403324,5.62924326727409,3.51850128245447e-05,0.00373156608233643,0.00328393453029084,"79888/1080/6441/6337/1512/21/361/9476/3162/164656",10,TRUE,"Higher_in_IPF","GO_Biological_Process"
"GO:0016125","sterol metabolic process","14/423","126/13537",0.111111111111111,3.55581822957709,5.17645474582758,3.87809410506177e-05,0.0038964640245068,0.00342905162973883,"8431/1718/255738/2330/33/6307/3157/1080/7108/1717/335/1050/4047/10682",14,TRUE,"Higher_in_IPF","GO_Biological_Process"
"GO:1902652","secondary alcohol metabolic process","14/423","126/13537",0.111111111111111,3.55581822957709,5.17645474582758,3.87809410506177e-05,0.0038964640245068,0.00342905162973883,"8431/1718/255738/2330/33/6307/3157/1080/7108/1717/335/1050/4047/10682",14,TRUE,"Higher_in_IPF","GO_Biological_Process"
"GO:0002250","adaptive immune response","29/423","413/13537",0.0702179176755448,2.24713936542281,4.62279536967634,4.15788844345367e-05,0.00407046617361695,0.00358218081282162,"5590/5909/713/11126/2209/51744/117157/722/9173/8809/8807/7855/1524/729230/27074/2243/79908/3135/177/383/563/29126/2529/1512/2013/2015/89790/11024/51311",29,TRUE,"Higher_in_IPF","GO_Biological_Process"
"GO:0006695","cholesterol biosynthetic process","9/423","55/13537",0.163636363636364,5.23675048355899,5.6543779977909,4.63168721578196e-05,0.00421042423567989,0.00370534977262557,"1718/6307/3157/1080/7108/1717/335/4047/10682",9,TRUE,"Higher_in_IPF","GO_Biological_Process"
"GO:0032731","positive regulation of interleukin-1 beta production","9/423","55/13537",0.163636363636364,5.23675048355899,5.6543779977909,4.63168721578196e-05,0.00421042423567989,0.00370534977262557,"7855/177/5004/5005/4210/91662/353514/11027/51311",9,TRUE,"Higher_in_IPF","GO_Biological_Process"
"GO:1902653","secondary alcohol biosynthetic process","9/423","55/13537",0.163636363636364,5.23675048355899,5.6543779977909,4.63168721578196e-05,0.00421042423567989,0.00370534977262557,"1718/6307/3157/1080/7108/1717/335/4047/10682",9,TRUE,"Higher_in_IPF","GO_Biological_Process"
"GO:0050727","regulation of inflammatory response","25/423","333/13537",0.0750750750750751,2.40257988484939,4.65419667914714,4.81807457111968e-05,0.00427800202617092,0.00376482106022375,"2209/79626/6280/6283/6279/9173/729230/64116/177/2529/338557/4317/838/335/120892/90527/4210/26471/1050/2867/8993/89790/91662/353514/50487",25,TRUE,"Higher_in_IPF","GO_Biological_Process"
"GO:0046887","positive regulation of hormone secretion","13/423","113/13537",0.115044247787611,3.68168790142053,5.14107866921077,5.06510393372748e-05,0.00432056571284636,0.00380227888820424,"8431/5208/1131/5028/2243/1080/114/338557/5950/6833/56729/2867/50487",13,TRUE,"Higher_in_IPF","GO_Biological_Process"
"GO:0032640","tumor necrosis factor production","15/423","146/13537",0.102739726027397,3.28791411638978,4.99180265438476,5.20550085885104e-05,0.00432056571284636,0.00380227888820424,"2209/3552/7855/1524/729230/5196/177/5004/5005/6833/4317/120892/353514/11027/671",15,TRUE,"Higher_in_IPF","GO_Biological_Process"
"GO:0032680","regulation of tumor necrosis factor production","15/423","146/13537",0.102739726027397,3.28791411638978,4.99180265438476,5.20550085885104e-05,0.00432056571284636,0.00380227888820424,"2209/3552/7855/1524/729230/5196/177/5004/5005/6833/4317/120892/353514/11027/671",15,TRUE,"Higher_in_IPF","GO_Biological_Process"
"GO:0002443","leukocyte mediated immunity","26/423","359/13537",0.0724233983286908,2.31771996022574,4.54457593103224,6.23623287231156e-05,0.00506594406520969,0.00445824307467379,"5590/713/11126/2209/117157/722/8809/8807/7855/1524/729230/306/3135/177/383/563/29126/2529/5319/1512/2013/84106/57126/3811/50487/51311",26,TRUE,"Higher_in_IPF","GO_Biological_Process"
"GO:0031639","plasminogen activation","6/423","24/13537",0.25,8.00059101654846,6.16470367406495,7.4922334260711e-05,0.00595944733765405,0.00524456339824977,"1718/2243/2160/1361/350/3249",6,TRUE,"Higher_in_IPF","GO_Biological_Process"
"GO:0099177","regulation of trans-synaptic signaling","27/423","389/13537",0.0694087403598972,2.22124377837335,4.3892981708434,9.29217247946316e-05,0.00724030908705925,0.00637177541448902,"5590/89780/6344/7476/1524/729230/10675/9254/5028/4311/2890/177/1129/148/2171/760/114/10718/627/1128/120892/27345/5923/6532/27092/56729/140730",27,TRUE,"Higher_in_IPF","GO_Biological_Process"
"GO:0002456","T cell mediated immunity","13/423","120/13537",0.108333333333333,3.46692277383767,4.87490586984657,9.48383418115364e-05,0.00724185578072892,0.00637313656973524,"5590/722/8809/7855/729230/3135/177/383/563/29126/2529/1512/2013",13,TRUE,"Higher_in_IPF","GO_Biological_Process"
"GO:0008202","steroid metabolic process","20/423","247/13537",0.0809716599190283,2.59128453977278,4.53295696958171,9.8449696647425e-05,0.00737021454509546,0.00648609766147741,"8431/1718/255738/2330/3552/4036/33/6307/3157/1080/6469/7108/1717/335/8630/6799/3294/1050/4047/10682",20,TRUE,"Higher_in_IPF","GO_Biological_Process"
"GO:0031638","zymogen activation","7/423","36/13537",0.194444444444444,6.22268190175992,5.63520375476476,0.000105375472254673,0.00767495040821886,0.00675427799151791,"1718/2243/2160/1361/1512/350/3249",7,TRUE,"Higher_in_IPF","GO_Biological_Process"
"GO:0006631","fatty acid metabolic process","24/423","329/13537",0.0729483282674772,2.33451895923603,4.4010057281056,0.000106540694509062,0.00767495040821886,0.00675427799151791,"84879/2944/55289/33/6307/84830/39/51085/2171/79746/55301/6319/83401/5319/255189/6296/247/2194/440503/57761/55902/50487/80339/58526",24,TRUE,"Higher_in_IPF","GO_Biological_Process"
"GO:0002793","positive regulation of peptide secretion","11/423","90/13537",0.122222222222222,3.9114000525348,4.97689186392526,0.000109990465647864,0.007776733293399,0.00684385119586711,"8431/6279/5208/1131/2243/1080/114/338557/5950/6833/2867",11,TRUE,"Higher_in_IPF","GO_Biological_Process"
"GO:0016126","sterol biosynthetic process","9/423","62/13537",0.145161290322581,4.64550446122169,5.16698093064361,0.000121831686850278,0.00830631036418506,0.00730990121101671,"1718/6307/3157/1080/7108/1717/335/4047/10682",9,TRUE,"Higher_in_IPF","GO_Biological_Process"
"GO:0097006","regulation of plasma lipoprotein particle levels","9/423","62/13537",0.145161290322581,4.64550446122169,5.16698093064361,0.000121831686850278,0.00830631036418506,0.00730990121101671,"84879/255738/338328/6833/84649/335/4353/50487/3162",9,TRUE,"Higher_in_IPF","GO_Biological_Process"
"GO:0050878","regulation of body fluid levels","24/423","333/13537",0.0720720720720721,2.30647668945541,4.33529636003548,0.000128265759107083,0.00859155558369899,0.0075609289578912,"89780/1131/5028/5196/2243/2160/4883/84830/80739/7432/1080/6469/1128/6337/4778/1361/5265/2013/2811/6532/350/361/3170/81027",24,TRUE,"Higher_in_IPF","GO_Biological_Process"
"GO:0002703","regulation of leukocyte mediated immunity","19/423","233/13537",0.0815450643776824,2.60963483801581,4.45104487045747,0.0001333927262916,0.00878092118933327,0.00772757862654787,"5590/11126/2209/117157/722/8809/8807/7855/1524/729230/3135/177/383/563/29126/2529/84106/57126/50487",19,TRUE,"Higher_in_IPF","GO_Biological_Process"
"GO:0042060","wound healing","27/423","398/13537",0.0678391959798995,2.17101464770662,4.25863553960899,0.000135829951473421,0.0087898094021275,0.00773540062628298,"89780/3552/7476/5028/54959/5196/2243/2160/100506658/84830/80739/177/6469/25833/94/1361/253970/5265/53905/5493/2811/27346/6532/350/3170/81027/3162",27,TRUE,"Higher_in_IPF","GO_Biological_Process"
"GO:0072330","monocarboxylic acid biosynthetic process","16/423","178/13537",0.0898876404494382,2.87661699471405,4.52633233794458,0.000146963381370268,0.00917023613865628,0.00807019209687929,"2944/33/51085/2171/55301/6319/83401/5319/255189/6296/247/2194/57761/55902/50487/58526",16,TRUE,"Higher_in_IPF","GO_Biological_Process"
"GO:0017157","regulation of exocytosis","15/423","160/13537",0.09375,3.00022163120567,4.57095045829431,0.000147759847770939,0.00917023613865628,0.00807019209687929,"11126/7476/729230/10675/5028/2243/1080/203190/83849/120892/29091/84106/57126/140730/50487",15,TRUE,"Higher_in_IPF","GO_Biological_Process"
"GO:0010817","regulation of hormone levels","28/423","422/13537",0.0663507109004739,2.12337960628774,4.21062321283378,0.000148914258930511,0.00917023613865628,0.00807019209687929,"8431/5208/1131/5028/4311/2243/7432/1080/6469/80223/195814/114/338557/5950/3767/6833/84649/8630/90527/53905/3294/6928/56729/3249/2867/3170/81027/50487",28,TRUE,"Higher_in_IPF","GO_Biological_Process"
"GO:0050714","positive regulation of protein secretion","13/423","126/13537",0.103174603174603,3.30183121317873,4.66203933036533,0.000156104363163949,0.0093380978783441,0.00821791746234577,"8431/5208/1131/3552/7273/2243/1080/114/27063/5950/6833/5319/2867",13,TRUE,"Higher_in_IPF","GO_Biological_Process"
"GO:0032732","positive regulation of interleukin-1 production","9/423","64/13537",0.140625,4.50033244680851,5.04097905228299,0.000156531761187539,0.0093380978783441,0.00821791746234577,"7855/177/5004/5005/4210/91662/353514/11027/51311",9,TRUE,"Higher_in_IPF","GO_Biological_Process"
"GO:0015711","organic anion transport","24/423","340/13537",0.0705882352941176,2.25899040467251,4.22252312997418,0.000175915950287646,0.0103330322799728,0.00909350143025368,"8431/84879/115019/3552/4036/5948/64116/353189/116369/6581/1080/2171/57864/84647/6833/2352/4257/6579/5319/255189/123264/762/50487/11254",24,TRUE,"Higher_in_IPF","GO_Biological_Process"
"GO:0007187","G protein-coupled receptor signaling pathway, coupled to cyclic nucleotide second messenger","6/423","28/13537",0.214285714285714,6.85764944275583,5.5723522108719,0.000188626277625943,0.0109117443632704,0.00960279231550254,"1131/7433/1129/1128/6751/186",6,TRUE,"Higher_in_IPF","GO_Biological_Process"
"GO:0036230","granulocyte activation","8/423","52/13537",0.153846153846154,4.92344062556829,5.0908587575698,0.000191574505100766,0.010916887469772,0.00960731846475484,"8807/3579/729230/820/306/84106/57126/11027",8,TRUE,"Higher_in_IPF","GO_Biological_Process"
"GO:0050804","modulation of chemical synaptic transmission","26/423","388/13537",0.0670103092783505,2.14448831371402,4.10798292214453,0.000218896396788607,0.0122903888667485,0.0108160572530841,"5590/89780/6344/7476/1524/729230/10675/9254/5028/4311/2890/177/1129/148/760/114/10718/627/1128/120892/27345/5923/6532/27092/56729/140730",26,TRUE,"Higher_in_IPF","GO_Biological_Process"
"GO:0051222","positive regulation of protein transport","18/423","223/13537",0.0807174887892377,2.5831504627421,4.28122560614193,0.000226061833657614,0.0125087547957213,0.0110082284215882,"5590/8431/5208/1131/3552/7273/2243/1080/6469/114/27063/5950/6833/1128/5319/123264/27346/2867",18,TRUE,"Higher_in_IPF","GO_Biological_Process"
"GO:0032692","negative regulation of interleukin-1 production","6/423","29/13537",0.206896551724138,6.62117877231597,5.44225187132693,0.000231624394728238,0.012633456272463,0.0111179709469554,"7850/1524/338557/335/4210/91662",6,TRUE,"Higher_in_IPF","GO_Biological_Process"
"GO:0043129","surfactant homeostasis","5/423","19/13537",0.263157894736842,8.42167475426154,5.81393623520752,0.00023539178970661,0.01265811060704,0.0111396677945663,"79888/6441/1512/21/9476",5,TRUE,"Higher_in_IPF","GO_Biological_Process"
"GO:0023061","signal release","26/423","392/13537",0.0663265306122449,2.12260577990061,4.05077181081414,0.000257000818559727,0.0136281822952922,0.0119933715327872,"8431/5208/1131/3552/7476/10675/5028/2243/8676/7432/1080/80223/114/338557/5950/3767/6833/120892/27345/6532/6928/56729/2867/3170/140730/50487",26,TRUE,"Higher_in_IPF","GO_Biological_Process"
"GO:0031349","positive regulation of defense response","29/423","459/13537",0.0631808278867102,2.02193585603403,4.00043372959291,0.000261623131581529,0.0136832481695654,0.0120418318097799,"8547/11126/2209/6280/6283/6279/57402/117157/9173/8807/729230/3135/5225/383/29126/57864/4317/838/120892/4210/26471/146722/1050/2867/91662/353514/11027/50487/51311",29,TRUE,"Higher_in_IPF","GO_Biological_Process"
"GO:0030595","leukocyte chemotaxis","17/423","207/13537",0.0821256038647343,2.62821347403524,4.23964222853833,0.000273741644509899,0.0141235891721459,0.0124293503453143,"1441/6280/6283/6279/57402/3579/3577/1524/729230/5196/1669/6441/5319/23604/6368/2867/2277",17,TRUE,"Higher_in_IPF","GO_Biological_Process"
"GO:0002449","lymphocyte mediated immunity","20/423","269/13537",0.0743494423791822,2.37935792313709,4.10391303609549,0.000308698903180084,0.0157148321645541,0.0138297108624677,"5590/713/11126/2209/117157/722/8809/8807/7855/729230/3135/177/383/563/29126/2529/1512/2013/3811/51311",20,TRUE,"Higher_in_IPF","GO_Biological_Process"
"GO:0030195","negative regulation of blood coagulation","7/423","43/13537",0.162790697674419,5.20968717356644,4.96548261727234,0.000336937306262536,0.0169266662540837,0.014896175645291,"5196/2243/2160/84830/1361/2811/350",7,TRUE,"Higher_in_IPF","GO_Biological_Process"
"GO:0001818","negative regulation of cytokine production","19/423","252/13537",0.0753968253968254,2.41287665578446,4.06603869606495,0.000364299343497331,0.0180635700451015,0.0158966986253381,"7850/9173/1524/177/383/29126/5004/6441/338557/408/335/4210/8993/91662/353514/6614/671/51311/79589",19,TRUE,"Higher_in_IPF","GO_Biological_Process"
"GO:0097264","self proteolysis","4/423","12/13537",0.333333333333333,10.6674546887313,6.01702614002612,0.000381121588420646,0.0183672273760214,0.0161639298018417,"3549/84059/6469/164656",4,TRUE,"Higher_in_IPF","GO_Biological_Process"
"GO:0002699","positive regulation of immune effector process","18/423","233/13537",0.0772532188841202,2.47228563601498,4.07123980747758,0.000386154089309564,0.0183672273760214,0.0161639298018417,"5590/8547/11126/2209/51744/117157/8809/8807/7855/729230/3135/5225/383/563/5950/2867/57126/50487",18,TRUE,"Higher_in_IPF","GO_Biological_Process"
"GO:1900047","negative regulation of hemostasis","7/423","44/13537",0.159090909090909,5.09128519234902,4.88179568262103,0.000390063472148467,0.0183672273760214,0.0161639298018417,"5196/2243/2160/84830/1361/2811/350",7,TRUE,"Higher_in_IPF","GO_Biological_Process"
"GO:0034381","plasma lipoprotein particle clearance","6/423","32/13537",0.1875,6.00044326241135,5.0860891192388,0.00040819618987634,0.0183672273760214,0.0161639298018417,"255738/338328/6833/84649/335/3162",6,TRUE,"Higher_in_IPF","GO_Biological_Process"
"GO:0031644","regulation of nervous system process","10/423","88/13537",0.113636363636364,3.6366322802493,4.45649753856285,0.000408765045768113,0.0183672273760214,0.0161639298018417,"5590/400746/7476/55/2890/2171/745/120892/55273/4099",10,TRUE,"Higher_in_IPF","GO_Biological_Process"
"GO:0090277","positive regulation of peptide hormone secretion","10/423","88/13537",0.113636363636364,3.6366322802493,4.45649753856285,0.000408765045768113,0.0183672273760214,0.0161639298018417,"8431/5208/1131/2243/1080/114/338557/5950/6833/2867",10,TRUE,"Higher_in_IPF","GO_Biological_Process"
"GO:0006935","chemotaxis","26/423","404/13537",0.0643564356435644,2.05955808346792,3.88312388629581,0.000408908938439449,0.0183672273760214,0.0161639298018417,"1441/6280/6283/6279/57402/89780/3579/3577/1524/729230/9034/60675/5196/177/1669/6441/10718/335/5319/6037/6036/23604/146225/6368/2867/2277",26,TRUE,"Higher_in_IPF","GO_Biological_Process"
"GO:0042330","taxis","26/423","404/13537",0.0643564356435644,2.05955808346792,3.88312388629581,0.000408908938439449,0.0183672273760214,0.0161639298018417,"1441/6280/6283/6279/57402/89780/3579/3577/1524/729230/9034/60675/5196/177/1669/6441/10718/335/5319/6037/6036/23604/146225/6368/2867/2277",26,TRUE,"Higher_in_IPF","GO_Biological_Process"
"GO:0002706","regulation of lymphocyte mediated immunity","15/423","177/13537",0.0847457627118644,2.71206475137236,4.11766828061524,0.000443837432690863,0.019510042409379,0.0171696549228689,"5590/11126/2209/117157/722/8809/8807/7855/729230/3135/177/383/563/29126/2529",15,TRUE,"Higher_in_IPF","GO_Biological_Process"
"GO:0042119","neutrophil activation","7/423","45/13537",0.155555555555556,4.97814552140793,4.80061107998939,0.00044968143845609,0.019510042409379,0.0171696549228689,"8807/3579/820/306/84106/57126/11027",7,TRUE,"Higher_in_IPF","GO_Biological_Process"
"GO:0050819","negative regulation of coagulation","7/423","45/13537",0.155555555555556,4.97814552140793,4.80061107998939,0.00044968143845609,0.019510042409379,0.0171696549228689,"5196/2243/2160/84830/1361/2811/350",7,TRUE,"Higher_in_IPF","GO_Biological_Process"
"GO:1903305","regulation of regulated secretory pathway","11/423","106/13537",0.10377358490566,3.32100004460502,4.30845611577481,0.000470389484939418,0.0201791803763899,0.017758524375241,"11126/7476/729230/10675/5028/83849/120892/84106/57126/140730/50487",11,TRUE,"Higher_in_IPF","GO_Biological_Process"
"GO:0009612","response to mechanical stimulus","16/423","198/13537",0.0808080808080808,2.58604962151062,4.03771346702739,0.000491722240431015,0.0208599501551735,0.0183576303094246,"6323/7273/3549/5028/84059/27063/838/374462/8796/5493/4353/3759/56729/3249/4099/51311",16,TRUE,"Higher_in_IPF","GO_Biological_Process"
"GO:0060627","regulation of vesicle-mediated transport","29/423","478/13537",0.0606694560669456,1.94156602075235,3.76406861476179,0.000508922800633821,0.0213523873936256,0.0187909957157103,"8547/255738/11126/2209/57111/89780/7476/729230/10675/5028/1950/2243/1080/203190/83849/6441/408/335/120892/29091/123745/6457/51090/146722/5657/84106/57126/140730/50487",29,TRUE,"Higher_in_IPF","GO_Biological_Process"
"GO:0030193","regulation of blood coagulation","8/423","60/13537",0.133333333333333,4.26698187549251,4.55484395474965,0.000523932921261554,0.0217432162323545,0.0191349414721611,"5196/2243/2160/84830/1361/2811/350/3170",8,TRUE,"Higher_in_IPF","GO_Biological_Process"
"GO:0009914","hormone transport","19/423","260/13537",0.0730769230769231,2.33863429714494,3.91423062996699,0.000536627219767303,0.0220305669362534,0.0193878221335284,"8431/5208/1131/5028/2243/7432/1080/80223/114/338557/5950/3767/6833/6928/56729/2867/3170/81027/50487",19,TRUE,"Higher_in_IPF","GO_Biological_Process"
"GO:0050708","regulation of protein secretion","17/423","220/13537",0.0772727272727273,2.47290995056952,3.95577975566003,0.000554862912079842,0.0225368787055408,0.0198333977083858,"8431/5208/1131/3552/7273/2243/84830/1080/80223/114/27063/5950/3767/6833/5319/2867/3170",17,TRUE,"Higher_in_IPF","GO_Biological_Process"
"GO:0010876","lipid localization","24/423","368/13537",0.0652173913043478,2.08711069996916,3.79724874910821,0.000560824259488503,0.0225392318181801,0.0198354685461197,"8431/84879/255738/3552/83850/5948/1950/1080/6469/2171/84647/653509/5950/335/6579/5319/255189/123264/21/27346/350/440503/56729/50487",24,TRUE,"Higher_in_IPF","GO_Biological_Process"
"GO:0044057","regulation of system process","27/423","436/13537",0.0619266055045872,1.98179777474136,3.74249157732812,0.000578059803225835,0.0229899200907941,0.0202320931129042,"5590/400746/1131/7476/7134/60675/55/84525/2243/2890/177/1129/148/2171/6833/745/335/120892/27345/2013/79191/55273/3759/56729/4099/7138/186",27,TRUE,"Higher_in_IPF","GO_Biological_Process"
"GO:0042886","amide transport","19/423","262/13537",0.0725190839694656,2.32078212693772,3.87714756804165,0.000589391276469294,0.0231989267377295,0.0204160277209982,"8431/6279/5208/1131/4036/2243/7432/1080/760/114/338557/5950/3767/6833/2352/4257/6928/2867/3170",19,TRUE,"Higher_in_IPF","GO_Biological_Process"
"GO:0042730","fibrinolysis","5/423","23/13537",0.217391304347826,6.95703566656388,5.13511209071229,0.000614426279436458,0.0239375462743714,0.0210660438663928,"2243/2160/1361/2811/350",5,TRUE,"Higher_in_IPF","GO_Biological_Process"
"GO:0045765","regulation of angiogenesis","19/423","264/13537",0.071969696969697,2.30320044415789,3.8403994818521,0.000646580556701933,0.0247886672518168,0.0218150659942651,"11126/3552/3579/1524/729230/820/3373/5196/306/3135/9022/6833/94/1512/2013/350/126259/2523/3162",19,TRUE,"Higher_in_IPF","GO_Biological_Process"
"GO:0019233","sensory perception of pain","8/423","62/13537",0.129032258064516,4.12933729886372,4.4353878374797,0.000655750495660946,0.0247886672518168,0.0218150659942651,"6323/3231/729230/60675/55/4311/2171/55273",8,TRUE,"Higher_in_IPF","GO_Biological_Process"
"GO:1900046","regulation of hemostasis","8/423","62/13537",0.129032258064516,4.12933729886372,4.4353878374797,0.000655750495660946,0.0247886672518168,0.0218150659942651,"5196/2243/2160/84830/1361/2811/350/3170",8,TRUE,"Higher_in_IPF","GO_Biological_Process"
"GO:0007616","long-term memory","6/423","35/13537",0.171428571428571,5.48611955420466,4.77258399491144,0.00067553515549538,0.0252605160597116,0.0222303127188661,"5590/2890/114/5923/164312/55902",6,TRUE,"Higher_in_IPF","GO_Biological_Process"
"GO:0006869","lipid transport","23/423","351/13537",0.0655270655270655,2.09702100718649,3.73989779199355,0.000681464943465242,0.0252605160597116,0.0222303127188661,"8431/84879/255738/3552/83850/5948/1950/1080/6469/2171/84647/653509/5950/335/6579/5319/255189/123264/21/27346/350/56729/50487",23,TRUE,"Higher_in_IPF","GO_Biological_Process"
"GO:0030593","neutrophil chemotaxis","9/423","78/13537",0.115384615384615,3.69258046917621,4.28309160427299,0.000705567518639746,0.0259024690977553,0.0227952582945149,"1441/6280/6283/6279/3579/3577/5196/5319/23604",9,TRUE,"Higher_in_IPF","GO_Biological_Process"
"GO:0046883","regulation of hormone secretion","16/423","205/13537",0.0780487804878049,2.49774548809318,3.8807446270515,0.000718456676474071,0.0261244532455048,0.0229906136471703,"8431/5208/1131/5028/2243/1080/80223/114/338557/5950/3767/6833/56729/2867/3170/50487",16,TRUE,"Higher_in_IPF","GO_Biological_Process"
"GO:0007188","adenylate cyclase-modulating G protein-coupled receptor signaling pathway","15/423","186/13537",0.0806451612903226,2.58083581178983,3.8988282729881,0.000746343457758093,0.0267680134026443,0.0235569735549725,"1131/6344/7433/5028/5196/59350/7432/1129/148/114/338557/1128/8698/2015/84658",15,TRUE,"Higher_in_IPF","GO_Biological_Process"
"GO:0002709","regulation of T cell mediated immunity","10/423","95/13537",0.105263157894737,3.36866990170462,4.16085101499121,0.000754101952199493,0.0267680134026443,0.0235569735549725,"5590/8809/7855/729230/3135/177/383/563/29126/2529",10,TRUE,"Higher_in_IPF","GO_Biological_Process"
"GO:0015850","organic hydroxy compound transport","16/423","206/13537",0.0776699029126214,2.48562050999564,3.85885001957872,0.000757188435695544,0.0267680134026443,0.0235569735549725,"8431/255738/80704/5028/1950/7432/6581/1080/6469/5950/335/6579/123264/21/27346/6532",16,TRUE,"Higher_in_IPF","GO_Biological_Process"
"GO:0006694","steroid biosynthetic process","12/423","130/13537",0.0923076923076923,2.95406437534097,4.02061515660203,0.00076678934116568,0.0268587312345923,0.0236368090487769,"1718/3552/6307/3157/1080/7108/1717/335/8630/3294/4047/10682",12,TRUE,"Higher_in_IPF","GO_Biological_Process"
"GO:0045766","positive regulation of angiogenesis","13/423","149/13537",0.087248322147651,2.79215256953369,3.95055423614737,0.000800455183359627,0.0277011393831857,0.024378163522133,"3552/3579/1524/820/3373/306/9022/94/1512/2013/126259/2523/3162",13,TRUE,"Higher_in_IPF","GO_Biological_Process"
"GO:0090087","regulation of peptide transport","14/423","168/13537",0.0833333333333333,2.66686367218282,3.90438852504764,0.000805350044927609,0.0277011393831857,0.024378163522133,"8431/6279/5208/1131/2243/1080/760/114/338557/5950/3767/6833/2867/3170",14,TRUE,"Higher_in_IPF","GO_Biological_Process"
"GO:0015833","peptide transport","17/423","228/13537",0.0745614035087719,2.3861411803741,3.79096647541037,0.000829978229926821,0.0282933650166125,0.0248993468978046,"8431/6279/5208/1131/2243/7432/1080/760/114/338557/5950/3767/6833/4257/6928/2867/3170",17,TRUE,"Higher_in_IPF","GO_Biological_Process"
"GO:1901342","regulation of vasculature development","19/423","270/13537",0.0703703703703704,2.25201821206549,3.73210566016405,0.00084778836187656,0.0286447430588027,0.0252085743000464,"11126/3552/3579/1524/729230/820/3373/5196/306/3135/9022/6833/94/1512/2013/350/126259/2523/3162",19,TRUE,"Higher_in_IPF","GO_Biological_Process"
"GO:0061041","regulation of wound healing","11/423","114/13537",0.0964912280701754,3.0879474098959,4.02063781647183,0.000871607637980291,0.0291912101913048,0.0256894882773138,"5196/2243/2160/100506658/84830/1361/53905/2811/27346/350/3170",11,TRUE,"Higher_in_IPF","GO_Biological_Process"
"GO:0050818","regulation of coagulation","8/423","65/13537",0.123076923076923,3.93875250045463,4.26531804235517,0.00090239936778094,0.0299596590103272,0.0263657554412518,"5196/2243/2160/84830/1361/2811/350/3170",8,TRUE,"Higher_in_IPF","GO_Biological_Process"
"GO:0042304","regulation of fatty acid biosynthetic process","6/423","37/13537",0.162162162162162,5.18957255127468,4.58301691562765,0.000917901143689892,0.0300708484418705,0.0264636068005985,"33/51085/2171/57761/50487/58526",6,TRUE,"Higher_in_IPF","GO_Biological_Process"
"GO:0090594","inflammatory response to wounding","5/423","25/13537",0.2,6.40047281323877,4.85388784314404,0.000921500593949411,0.0300708484418705,0.0264636068005985,"3552/729230/177/89790/3162",5,TRUE,"Higher_in_IPF","GO_Biological_Process"
"GO:0007204","positive regulation of cytosolic calcium ion concentration","12/423","133/13537",0.0902255639097744,2.88743134431824,3.92850708580752,0.000938564802981359,0.0303681391337528,0.0267252350679438,"3579/3577/1524/729230/9034/60675/5028/148/56704/114/338557/5319",12,TRUE,"Higher_in_IPF","GO_Biological_Process"
"GO:1904018","positive regulation of vasculature development","13/423","152/13537",0.0855263157894737,2.737044295135,3.86786463306116,0.000964007559923552,0.0309292509562027,0.0272190369860768,"3552/3579/1524/820/3373/306/9022/94/1512/2013/126259/2523/3162",13,TRUE,"Higher_in_IPF","GO_Biological_Process"
"GO:0015718","monocarboxylic acid transport","12/423","134/13537",0.0895522388059701,2.86588334921139,3.89837529737635,0.00100249628324446,0.0318960900785612,0.0280698959308448,"8431/84879/3552/5948/6581/2171/84647/6579/5319/255189/123264/50487",12,TRUE,"Higher_in_IPF","GO_Biological_Process"
"GO:0046879","hormone secretion","18/423","253/13537",0.0711462450592885,2.27684803633,3.68199171471225,0.00101584935588755,0.0320538251304021,0.0282087093866294,"8431/5208/1131/5028/2243/7432/1080/80223/114/338557/5950/3767/6833/6928/56729/2867/3170/50487",18,TRUE,"Higher_in_IPF","GO_Biological_Process"
"GO:0046486","glycerolipid metabolic process","22/423","340/13537",0.0647058823529412,2.07074120428313,3.59115485274728,0.00104422691872659,0.0326791670139189,0.0287590364501748,"84879/255738/22979/200879/79888/2171/338328/8395/138429/84649/335/2819/374462/5319/123745/255189/21/350/5833/440503/50487/80339",22,TRUE,"Higher_in_IPF","GO_Biological_Process"
"GO:0006644","phospholipid metabolic process","22/423","341/13537",0.0645161290322581,2.06466864943186,3.57617093204979,0.00108473906774873,0.0336710061842653,0.0296318964848433,"84879/255738/22979/200879/79888/3157/2171/8395/54886/138429/84647/335/374462/5319/7080/123745/255189/21/247/5833/50487/80339",22,TRUE,"Higher_in_IPF","GO_Biological_Process"
"GO:0015701","bicarbonate transport","5/423","26/13537",0.192307692307692,6.15430078196036,4.72455003054073,0.00111196745047685,0.0342378364993598,0.0301307309161469,"115019/64116/116369/1080/762",5,TRUE,"Higher_in_IPF","GO_Biological_Process"
"GO:0032609","type II interferon production","10/423","101/13537",0.099009900990099,3.16855089764296,3.92864761550253,0.00121499321571804,0.0366287591262076,0.0322348430235876,"11126/51744/9173/8809/7855/729230/29126/284293/8993/51311",10,TRUE,"Higher_in_IPF","GO_Biological_Process"
"GO:0032649","regulation of type II interferon production","10/423","101/13537",0.099009900990099,3.16855089764296,3.92864761550253,0.00121499321571804,0.0366287591262076,0.0322348430235876,"11126/51744/9173/8809/7855/729230/29126/284293/8993/51311",10,TRUE,"Higher_in_IPF","GO_Biological_Process"
"GO:2000177","regulation of neural precursor cell proliferation","8/423","68/13537",0.117647058823529,3.76498400778751,4.10513241742528,0.00121840031666537,0.0366287591262076,0.0322348430235876,"89780/4036/131405/1524/1950/6469/120892/6532",8,TRUE,"Higher_in_IPF","GO_Biological_Process"
"GO:0035358","regulation of peroxisome proliferator activated receptor signaling pathway","4/423","16/13537",0.25,8.00059101654846,5.03197017292575,0.00126878625384715,0.0375521388929335,0.0330474559141584,"2171/55885/247/440503",4,TRUE,"Higher_in_IPF","GO_Biological_Process"
"GO:0099505","regulation of presynaptic membrane potential","4/423","16/13537",0.25,8.00059101654846,5.03197017292575,0.00126878625384715,0.0375521388929335,0.0330474559141584,"6323/2890/3767/27345",4,TRUE,"Higher_in_IPF","GO_Biological_Process"
"GO:0007613","memory","10/423","103/13537",0.0970873786407767,3.10702563749455,3.85508117458735,0.00141188521623186,0.0414659827351789,0.0364918025118389,"5590/1524/2890/114/1620/6833/5923/6532/164312/55902",10,TRUE,"Higher_in_IPF","GO_Biological_Process"
"GO:0032024","positive regulation of insulin secretion","8/423","70/13537",0.114285714285714,3.65741303613644,4.00332102979338,0.00147401894120855,0.0429603383017881,0.0378068980340513,"8431/5208/1131/1080/114/5950/6833/2867",8,TRUE,"Higher_in_IPF","GO_Biological_Process"
"GO:0050806","positive regulation of synaptic transmission","11/423","122/13537",0.0901639344262295,2.88545905514863,3.75707140702208,0.00152232331895707,0.0440320487255916,0.0387500481189072,"5590/1524/729230/4311/2890/177/148/760/114/27092/56729",11,TRUE,"Higher_in_IPF","GO_Biological_Process"
"GO:0002886","regulation of myeloid leukocyte mediated immunity","7/423","55/13537",0.127272727272727,4.07302815387922,4.1012712094601,0.00153852457737429,0.0441660664392108,0.03886798932314,"2209/1524/729230/383/84106/57126/50487",7,TRUE,"Higher_in_IPF","GO_Biological_Process"
"GO:0002526","acute inflammatory response","9/423","87/13537",0.103448275862069,3.31058938615798,3.8830146141239,0.00155122920357379,0.0441984559645129,0.0388964934627458,"2209/3552/3579/5004/5005/2529/5265/26471/2867",9,TRUE,"Higher_in_IPF","GO_Biological_Process"
"GO:0006721","terpenoid metabolic process","8/423","71/13537",0.112676056338028,3.60590017647255,3.95380650370609,0.00161685824023726,0.0447810971747044,0.0394092421443182,"4036/5948/3157/195814/5950/84649/8630/4047",8,TRUE,"Higher_in_IPF","GO_Biological_Process"
"GO:0010744","positive regulation of macrophage derived foam cell differentiation","4/423","17/13537",0.235294117647059,7.52996801557502,4.83832386790586,0.0016185938737845,0.0447810971747044,0.0394092421443182,"5196/1437/247/50487",4,TRUE,"Higher_in_IPF","GO_Biological_Process"
"GO:0060193","positive regulation of lipase activity","4/423","17/13537",0.235294117647059,7.52996801557502,4.83832386790586,0.0016185938737845,0.0447810971747044,0.0394092421443182,"338328/5319/350/440503",4,TRUE,"Higher_in_IPF","GO_Biological_Process"
"GO:0072079","nephron tubule formation","4/423","17/13537",0.235294117647059,7.52996801557502,4.83832386790586,0.0016185938737845,0.0447810971747044,0.0394092421443182,"153572/79192/79191/6928",4,TRUE,"Higher_in_IPF","GO_Biological_Process"
"GO:0046394","carboxylic acid biosynthetic process","18/423","264/13537",0.0681818181818182,2.18197936814958,3.48317327035193,0.00164116035114318,0.0450141791796498,0.0396143640763812,"2944/33/51085/2171/55301/6319/83401/5319/255189/6296/247/2194/57761/92086/55902/51733/50487/58526",18,TRUE,"Higher_in_IPF","GO_Biological_Process"
"GO:0019221","cytokine-mediated signaling pathway","27/423","468/13537",0.0576923076923077,1.84629023458811,3.3463305938001,0.00165059850318255,0.0450141791796498,0.0396143640763812,"1441/7850/9173/8809/8807/3552/3579/3577/1524/729230/9034/55540/51208/5196/1437/6098/383/4317/335/53905/6368/146722/1050/353514/11027/11024/79444",27,TRUE,"Higher_in_IPF","GO_Biological_Process"
"GO:0046165","alcohol biosynthetic process","11/423","124/13537",0.0887096774193548,2.83891939296881,3.6945227057646,0.00173564101055422,0.0468811934977706,0.0412574149168437,"1718/51744/5028/6307/3157/1080/7108/1717/335/4047/10682",11,TRUE,"Higher_in_IPF","GO_Biological_Process"
"GO:0007599","hemostasis","16/423","223/13537",0.0717488789237668,2.29613374465965,3.50506228385284,0.00174361693993804,0.0468811934977706,0.0412574149168437,"89780/5028/5196/2243/2160/84830/80739/6469/4778/1361/5265/2811/6532/350/3170/81027",16,TRUE,"Higher_in_IPF","GO_Biological_Process"
"GO:0046942","carboxylic acid transport","18/423","266/13537",0.0676691729323308,2.16557350823868,3.4480728157771,0.00178422172143503,0.0476374722548177,0.0419229719162356,"8431/84879/115019/3552/4036/5948/116369/6581/2171/84647/6833/2352/6579/5319/255189/123264/50487/11254",18,TRUE,"Higher_in_IPF","GO_Biological_Process"
"GO:0055090","acylglycerol homeostasis","5/423","29/13537",0.172413793103448,5.51764897692998,4.37384836785144,0.00185879367090429,0.0482993062647585,0.0425054135803008,"51085/338328/84647/84649/335",5,TRUE,"Higher_in_IPF","GO_Biological_Process"
"GO:0070328","triglyceride homeostasis","5/423","29/13537",0.172413793103448,5.51764897692998,4.37384836785144,0.00185879367090429,0.0482993062647585,0.0425054135803008,"51085/338328/84647/84649/335",5,TRUE,"Higher_in_IPF","GO_Biological_Process"
"GO:0015849","organic acid transport","18/423","267/13537",0.0674157303370786,2.15746274603554,3.43063850591399,0.00185961184413816,0.0482993062647585,0.0425054135803008,"8431/84879/115019/3552/4036/5948/116369/6581/2171/84647/6833/2352/6579/5319/255189/123264/50487/11254",18,TRUE,"Higher_in_IPF","GO_Biological_Process"
"GO:0016053","organic acid biosynthetic process","18/423","267/13537",0.0674157303370786,2.15746274603554,3.43063850591399,0.00185961184413816,0.0482993062647585,0.0425054135803008,"2944/33/51085/2171/55301/6319/83401/5319/255189/6296/247/2194/57761/92086/55902/51733/50487/58526",18,TRUE,"Higher_in_IPF","GO_Biological_Process"
