"ID","Description","GeneRatio","BgRatio","RichFactor","FoldEnrichment","zScore","pvalue","p.adjust","qvalue","geneID","Count","BH_significant","direction","ontology","resource","method","reporting_rank"
"GO:0003341","cilium movement","89/1207","196/13537",0.454081632653061,5.09271173258036,18.05769318258,4.43519208633242e-42,2.07034766589998e-38,1.78808270427928e-38,"93190/27285/440585/149465/79819/126820/127003/200162/388701/25790/257177/92749/339778/6869/1768/129881/401024/56171/255101/151651/152110/51364/348807/80157/83894/134121/642987/8382/221421/202500/345895/135138/8701/57639/79846/154865/79645/84688/27019/26206/138255/286207/389799/138162/9576/219681/219670/55130/118491/80217/159686/54777/399949/85478/144535/387885/144406/196385/80127/55329/161502/55567/84229/54768/123872/83659/146754/146845/1770/64518/246176/83538/64446/55036/26256/220136/257062/115948/93233/25876/26074/164395/57119/64800/26150/286464/80258/158787/139212",89,TRUE,"higher_in_IPF","GO_Biological_Process","GO:BP","ORA",1
"GO:0001539","cilium or flagellum-dependent cell motility","71/1207","159/13537",0.446540880503145,5.00813910469848,15.9060748390189,3.7558271194002e-33,5.84406699778671e-30,5.04730451484307e-30,"93190/27285/440585/149465/126820/127003/388701/25790/257177/92749/339778/6869/1768/129881/401024/56171/255101/151651/134121/642987/221421/202500/345895/135138/8701/57639/79846/154865/79645/84688/27019/26206/138255/286207/389799/138162/9576/219681/219670/80217/159686/54777/399949/85478/144535/144406/196385/80127/55329/161502/55567/84229/83659/146754/146845/1770/64518/246176/55036/220136/257062/115948/26074/164395/57119/64800/26150/286464/80258/158787/139212",71,TRUE,"higher_in_IPF","GO_Biological_Process","GO:BP","ORA",2
"GO:0060285","cilium-dependent cell motility","71/1207","159/13537",0.446540880503145,5.00813910469848,15.9060748390189,3.7558271194002e-33,5.84406699778671e-30,5.04730451484307e-30,"93190/27285/440585/149465/126820/127003/388701/25790/257177/92749/339778/6869/1768/129881/401024/56171/255101/151651/134121/642987/221421/202500/345895/135138/8701/57639/79846/154865/79645/84688/27019/26206/138255/286207/389799/138162/9576/219681/219670/80217/159686/54777/399949/85478/144535/144406/196385/80127/55329/161502/55567/84229/83659/146754/146845/1770/64518/246176/55036/220136/257062/115948/26074/164395/57119/64800/26150/286464/80258/158787/139212",71,TRUE,"higher_in_IPF","GO_Biological_Process","GO:BP","ORA",3
"GO:0060294","cilium movement involved in cell motility","70/1207","156/13537",0.448717948717949,5.03255581755996,15.8495038217308,7.26692688984744e-33,8.48050368045196e-30,7.3242973652936e-30,"93190/27285/440585/149465/126820/127003/388701/25790/257177/92749/339778/6869/1768/129881/401024/56171/255101/151651/134121/642987/221421/202500/345895/135138/8701/57639/79846/154865/79645/84688/27019/26206/138255/286207/389799/138162/9576/219681/219670/80217/159686/54777/399949/144535/144406/196385/80127/55329/161502/55567/84229/83659/146754/146845/1770/64518/246176/55036/220136/257062/115948/26074/164395/57119/64800/26150/286464/80258/158787/139212",70,TRUE,"higher_in_IPF","GO_Biological_Process","GO:BP","ORA",4
"GO:0035082","axoneme assembly","48/1207","90/13537",0.533333333333333,5.9815520574427,14.8351005743015,3.62494213394628e-27,3.38424597625225e-24,2.92284807852932e-24,"85452/27285/149465/79819/126820/200162/92749/401024/56171/255101/51364/348807/221421/345895/57639/79846/79645/6101/27019/286207/138162/9576/55130/80217/159686/54777/374407/399949/85478/387885/80127/55329/146562/84229/54768/123872/146754/83538/64446/2302/55036/115948/93233/352909/25876/89765/286464/139212",48,TRUE,"higher_in_IPF","GO_Biological_Process","GO:BP","ORA",5
"GO:0030317","flagellated sperm motility","59/1207","139/13537",0.424460431654676,4.76049781550071,13.9428008338726,2.70065022204835e-26,1.80094789093167e-23,1.55541208277371e-23,"93190/27285/440585/149465/127003/388701/25790/257177/92749/339778/6869/129881/401024/255101/151651/134121/642987/202500/135138/8701/57639/79846/154865/79645/84688/27019/26206/138255/286207/389799/138162/9576/219681/219670/80217/159686/399949/144535/144406/80127/55329/161502/84229/83659/146845/64518/55036/220136/257062/115948/26074/164395/57119/64800/26150/286464/80258/158787/139212",59,TRUE,"higher_in_IPF","GO_Biological_Process","GO:BP","ORA",6
"GO:0097722","sperm motility","59/1207","139/13537",0.424460431654676,4.76049781550071,13.9428008338726,2.70065022204835e-26,1.80094789093167e-23,1.55541208277371e-23,"93190/27285/440585/149465/127003/388701/25790/257177/92749/339778/6869/129881/401024/255101/151651/134121/642987/202500/135138/8701/57639/79846/154865/79645/84688/27019/26206/138255/286207/389799/138162/9576/219681/219670/80217/159686/399949/144535/144406/80127/55329/161502/84229/83659/146845/64518/55036/220136/257062/115948/26074/164395/57119/64800/26150/286464/80258/158787/139212",59,TRUE,"higher_in_IPF","GO_Biological_Process","GO:BP","ORA",7
"GO:0030198","extracellular matrix organization","86/1207","296/13537",0.290540540540541,3.25853131507647,12.2921782360805,5.9021635387451e-24,3.3463648832188e-21,2.89013157956253e-21,"1307/1298/255631/1301/1513/9507/25903/1805/7143/83872/183/84168/2191/1281/1290/1294/1295/151887/6423/170690/81792/133584/3673/11174/4015/171019/2296/7148/1310/1303/1300/64094/2006/1278/4017/23213/4325/7373/3037/169044/92949/1842/1515/1306/1289/140766/60495/1308/7490/283208/4316/4319/4312/4314/4321/4322/4327/4060/10631/1215/1511/64093/23768/26585/4016/4629/4313/170692/83716/2303/84627/1277/5268/1311/5650/3036/55612/1299/9510/11096/80781/4320/2192/25975/1288/1287",86,TRUE,"higher_in_IPF","GO_Biological_Process","GO:BP","ORA",8
"GO:0043062","extracellular structure organization","86/1207","297/13537",0.28956228956229,3.24755982916712,12.2535735813724,7.61492354143503e-24,3.3463648832188e-21,2.89013157956253e-21,"1307/1298/255631/1301/1513/9507/25903/1805/7143/83872/183/84168/2191/1281/1290/1294/1295/151887/6423/170690/81792/133584/3673/11174/4015/171019/2296/7148/1310/1303/1300/64094/2006/1278/4017/23213/4325/7373/3037/169044/92949/1842/1515/1306/1289/140766/60495/1308/7490/283208/4316/4319/4312/4314/4321/4322/4327/4060/10631/1215/1511/64093/23768/26585/4016/4629/4313/170692/83716/2303/84627/1277/5268/1311/5650/3036/55612/1299/9510/11096/80781/4320/2192/25975/1288/1287",86,TRUE,"higher_in_IPF","GO_Biological_Process","GO:BP","ORA",9
"GO:0045229","external encapsulating structure organization","86/1207","297/13537",0.28956228956229,3.24755982916712,12.2535735813724,7.61492354143503e-24,3.3463648832188e-21,2.89013157956253e-21,"1307/1298/255631/1301/1513/9507/25903/1805/7143/83872/183/84168/2191/1281/1290/1294/1295/151887/6423/170690/81792/133584/3673/11174/4015/171019/2296/7148/1310/1303/1300/64094/2006/1278/4017/23213/4325/7373/3037/169044/92949/1842/1515/1306/1289/140766/60495/1308/7490/283208/4316/4319/4312/4314/4321/4322/4327/4060/10631/1215/1511/64093/23768/26585/4016/4629/4313/170692/83716/2303/84627/1277/5268/1311/5650/3036/55612/1299/9510/11096/80781/4320/2192/25975/1288/1287",86,TRUE,"higher_in_IPF","GO_Biological_Process","GO:BP","ORA",10
"GO:0001578","microtubule bundle formation","52/1207","120/13537",0.433333333333333,4.86001104667219,13.2882787649953,7.8856070512868e-24,3.3463648832188e-21,2.89013157956253e-21,"85452/27285/149465/79819/126820/200162/92749/401024/56171/255101/51364/348807/4131/221421/345895/57639/79846/79645/6101/27019/286207/138162/9576/55130/80217/159686/54777/374407/399949/85478/387885/80127/55329/146562/84229/51673/54768/123872/146754/246176/83538/64446/2302/55036/115948/93233/352909/25876/89765/286464/139212/827",52,TRUE,"higher_in_IPF","GO_Biological_Process","GO:BP","ORA",11
"GO:0007018","microtubule-based movement","101/1207","406/13537",0.248768472906404,2.79004044551283,11.457615122316,2.87836630201712e-22,1.11968449148466e-19,9.6703008216891e-20,"93190/27285/440585/149465/79819/126820/127003/200162/388701/25790/257177/56776/55083/92749/339778/6869/1768/129881/401024/56171/255101/151651/152110/51364/201625/348807/80157/83894/134121/4131/642987/8382/221458/221421/202500/345895/135138/8701/57639/79846/154865/79645/84688/27019/26206/138255/286207/389799/138162/9576/219681/219670/55130/118491/80217/159686/54777/7275/1740/399949/85478/3798/144535/387885/144406/196385/80127/4130/55329/161502/374654/55567/84229/54768/83657/123872/83659/146754/146845/1770/64518/246176/83538/64446/124602/55036/26256/220136/257062/115948/93233/25876/26074/164395/57119/64800/26150/286464/80258/158787/139212",101,TRUE,"higher_in_IPF","GO_Biological_Process","GO:BP","ORA",12
"GO:0070286","axonemal dynein complex assembly","23/1207","36/13537",0.638888888888889,7.1654009021449,11.5890242862322,4.36205509583407e-16,1.56631332210411e-13,1.35276688397121e-13,"27285/149465/79819/126820/92749/56171/51364/348807/79645/27019/55130/85478/387885/146562/123872/146754/83538/64446/55036/115948/93233/352909/139212",23,TRUE,"higher_in_IPF","GO_Biological_Process","GO:BP","ORA",13
"GO:0044782","cilium organization","77/1207","389/13537",0.197943444730077,2.22001691077966,7.63885160007367,1.30881975200229e-11,4.3639790016762e-09,3.76900725576598e-09,"85452/127733/27285/149465/79819/127254/126820/128344/200162/257177/3754/92749/401024/56171/375307/255101/51364/348807/80157/83894/170690/345643/10309/8382/221421/345895/57639/79846/154865/79645/6101/225689/27019/286207/138162/9576/55130/118491/387707/80217/159686/54777/7275/374407/57562/399949/85478/144535/387885/80127/55329/161502/146562/84229/29070/54768/79583/123872/339145/83659/146754/64518/83538/64446/124602/2302/55036/220136/115948/93233/352909/25876/26074/89765/1756/286464/139212",77,TRUE,"higher_in_IPF","GO_Biological_Process","GO:BP","ORA",14
"GO:0044458","motile cilium assembly","26/1207","67/13537",0.388059701492537,4.35224869851241,8.60611418433918,2.92350194061199e-11,9.09793803918451e-09,7.85755258424135e-09,"149465/200162/92749/401024/255101/51364/345643/221421/57639/79846/286207/9576/80217/159686/144535/80127/55329/84229/123872/2302/55036/220136/352909/26074/1756/286464",26,TRUE,"higher_in_IPF","GO_Biological_Process","GO:BP","ORA",15
"GO:0060537","muscle tissue development","71/1207","363/13537",0.195592286501377,2.19364770701669,7.21253478434428,1.47874519304661e-10,4.31423910071349e-08,3.72604874300561e-08,"7161/1301/844/5999/63923/5997/7832/467/3776/130497/2274/1281/2660/8324/3488/92737/2047/25976/6474/51176/51778/4015/5307/1958/6444/2296/221662/221476/1310/9096/5350/7291/2006/10512/6608/2138/23414/7373/5079/5239/7490/26011/8538/10060/5318/3164/2735/3479/6495/51804/2353/51676/26585/70/10021/64220/30812/4629/2303/6665/93649/124872/8913/8736/80206/115701/57158/2139/655/1756/26576",71,TRUE,"higher_in_IPF","GO_Biological_Process","GO:BP","ORA",16
"GO:0060271","cilium assembly","70/1207","362/13537",0.193370165745856,2.16872571143468,7.05194378033812,3.38158221944632e-10,9.28542694139731e-08,8.01947981453833e-08,"85452/127733/27285/149465/79819/127254/126820/200162/3754/92749/401024/56171/255101/51364/348807/170690/345643/10309/8382/221421/345895/57639/79846/154865/79645/6101/225689/27019/286207/138162/9576/55130/118491/387707/80217/159686/54777/374407/57562/399949/85478/144535/387885/80127/55329/161502/146562/84229/29070/54768/79583/123872/339145/83659/146754/64518/83538/64446/2302/55036/220136/115948/93233/352909/25876/26074/89765/1756/286464/139212",70,TRUE,"higher_in_IPF","GO_Biological_Process","GO:BP","ORA",17
"GO:0030199","collagen fibril organization","24/1207","65/13537",0.369230769230769,4.14107450130648,7.94211457722049,5.65402725499969e-10,1.46627773479659e-07,1.26636984717245e-07,"1301/1805/1281/1290/6423/81792/4015/171019/2296/7148/1303/1278/4017/7373/1289/140766/283208/4060/26585/4016/2303/1277/1311/4320",24,TRUE,"higher_in_IPF","GO_Biological_Process","GO:BP","ORA",18
"GO:0014706","striated muscle tissue development","65/1207","343/13537",0.189504373177843,2.12536926239309,6.60497440004572,3.42746303306676e-09,8.4207354938714e-07,7.27267779315552e-07,"7161/1301/844/5999/5997/7832/467/3776/2274/2660/8324/92737/2047/6474/51176/51778/4015/5307/1958/6444/2296/221662/221476/1310/9096/5350/7291/2006/10512/6608/2138/23414/7373/5079/5239/7490/26011/8538/10060/5318/3164/2735/3479/6495/51804/2353/51676/26585/70/10021/30812/4629/2303/6665/93649/124872/8913/8736/80206/115701/57158/2139/655/1756/26576",65,TRUE,"higher_in_IPF","GO_Biological_Process","GO:BP","ORA",19
"GO:0061564","axon development","76/1207","437/13537",0.173913043478261,1.95050610568784,6.31942044953113,8.76460749813537e-09,2.0456593900648e-06,1.7667603535715e-06,"284656/9048/9890/10100/1382/4914/57549/63923/7143/23057/59352/23114/79805/151449/2736/4929/2335/10752/2917/7474/6092/6091/2042/91653/2596/2047/6474/22865/6696/2668/4131/9315/90249/347733/2045/10512/223117/1749/168620/5803/6608/91584/27319/3371/256158/5979/6387/57689/25987/53942/4684/7070/5818/4753/3798/9201/84189/23768/4130/57611/56963/4313/10381/1949/9423/4804/5794/84446/6616/85449/655/140578/170302/54413/5354/5063",76,TRUE,"higher_in_IPF","GO_Biological_Process","GO:BP","ORA",20
