"ID","Description","GeneRatio","BgRatio","RichFactor","FoldEnrichment","zScore","pvalue","p.adjust","qvalue","geneID","Count","BH_significant","resource","method","direction","reporting_rank"
"R-HSA-1474244","Extracellular matrix organization","95/703","294/9062",0.32312925170068,4.16528773671631,16.0001905537906,6.56480439308519e-36,6.63045243701604e-33,6.15018516825875e-33,"4237/1307/1298/255631/7412/1301/1513/9507/63923/7143/54221/92291/4052/72/1281/1290/2335/1293/2199/3680/1294/1295/6696/84570/50859/170690/3673/1404/4015/6678/6444/7148/222663/11131/1310/1303/1300/3696/2006/1278/5054/4017/4325/7373/169044/54829/1515/1306/3371/1289/140766/59/1308/8038/283208/726/4316/4319/4312/4314/4321/4322/4684/8076/8082/3679/4327/4060/1215/1511/4053/7043/70/2200/22801/4016/176/4313/170692/1277/3691/1311/5650/655/1299/9510/11096/80781/4320/2192/1756/1821/1288/1287/827",95,TRUE,"Reactome","ORA","higher_in_IPF",1
"R-HSA-1474228","Degradation of the extracellular matrix","53/703","126/9062",0.420634920634921,5.42218158007632,14.4956878674334,1.27927658472233e-26,6.46034675284777e-24,5.99240084422566e-24,"1307/1298/1301/1513/9507/92291/1281/1290/2335/1293/1294/1295/6696/84570/50859/170690/222663/11131/1310/1303/1300/2006/1278/4325/7373/1515/1306/1289/1308/726/4316/4319/4312/4314/4321/4322/4327/1215/1511/2200/176/4313/170692/1277/5650/1299/9510/11096/80781/4320/1288/1287/827",53,TRUE,"Reactome","ORA","higher_in_IPF",2
"R-HSA-1442490","Collagen degradation","32/703","60/9062",0.533333333333333,6.87491702228544,13.2402572412237,1.95053008441058e-20,6.56678461751562e-18,6.09112903552777e-18,"1307/1298/1301/1513/1281/1290/1293/1294/1295/84570/1310/1303/1300/1278/7373/1306/1289/1308/4316/4319/4312/4314/4321/4322/4327/4313/1277/1299/80781/4320/1288/1287",32,TRUE,"Reactome","ORA","higher_in_IPF",3
"R-HSA-8948216","Collagen chain trimerization","24/703","41/9062",0.585365853658537,7.54564063421573,12.1816273621846,6.6443488969301e-17,1.67769809647485e-14,1.55617645217574e-14,"1307/1298/255631/1301/1281/1290/1293/1294/1295/84570/1310/1303/1300/1278/7373/169044/1306/1289/1308/1277/1299/80781/1288/1287",24,TRUE,"Reactome","ORA","higher_in_IPF",4
"R-HSA-2022090","Assembly of collagen fibrils and other multimeric structures","28/703","57/9062",0.491228070175439,6.33216041526291,11.7108209456371,8.470165695019e-17,1.71097347039384e-14,1.58704157232988e-14,"1298/255631/1301/1281/1290/1293/1294/1295/4015/1303/1300/1278/4017/7373/1515/1306/1289/1308/4316/4314/4322/4016/1277/3691/1299/80781/1288/1287",28,TRUE,"Reactome","ORA","higher_in_IPF",5
"R-HSA-1474290","Collagen formation","34/703","85/9062",0.4,5.15618776671408,11.1641991535509,1.1433324909783e-16,1.9246096931468e-14,1.78520336310647e-14,"1307/1298/255631/1301/1281/1290/1293/1294/1295/84570/4015/1310/1303/1300/1278/4017/7373/169044/1515/1306/1289/140766/1308/283208/4316/4314/4322/4016/1277/3691/1299/80781/1288/1287",34,TRUE,"Reactome","ORA","higher_in_IPF",6
"R-HSA-500792","GPCR ligand binding","59/703","266/9062",0.221804511278195,2.85916426913657,8.92492421937634,5.949487899708e-14,8.58426111243583e-12,7.96247252742875e-12,"83756/1269/9890/183/2786/3973/6869/151/8324/80326/3357/10267/2917/5021/1233/1237/90226/2912/7474/3355/1816/3576/6372/10563/2151/2861/6608/7434/5368/5179/6363/6366/1903/9568/114131/6387/187/170589/643/2784/5744/552/4922/27198/3356/1880/624/623/6367/6347/6354/6356/6357/6752/116/79948/5731/2847/27334",59,TRUE,"Reactome","ORA","higher_in_IPF",7
"R-HSA-3000178","ECM proteoglycans","27/703","67/9062",0.402985074626866,5.19466677989852,9.99362040340868,1.35655485170133e-13,1.71265050027292e-11,1.58859712896603e-11,"1298/63923/7143/1281/1290/2335/1293/3680/3673/1404/6678/7148/1278/5054/54829/3371/1289/4684/3679/4060/7043/176/1277/1311/1299/1288/1287",27,TRUE,"Reactome","ORA","higher_in_IPF",8
"R-HSA-1650814","Collagen biosynthesis and modifying enzymes","26/703","63/9062",0.412698412698413,5.31987626724469,9.97775926779956,1.97301491447329e-13,2.2141611817978e-11,2.05378160687863e-11,"1307/1298/255631/1301/1281/1290/1293/1294/1295/84570/1310/1303/1300/1278/7373/169044/1306/1289/140766/1308/283208/1277/1299/80781/1288/1287",26,TRUE,"Reactome","ORA","higher_in_IPF",9
"R-HSA-372790","Signaling by GPCR","82/703","480/9062",0.170833333333333,2.20212185870081,7.84808002649639,3.14199668543076e-12,3.17341665228507e-10,2.94355478950882e-10,"83756/1269/9890/5999/8490/5996/5997/183/2786/388/3973/6869/151/5136/8324/2335/80326/3357/25791/10267/2917/5021/1233/1237/90226/2912/7474/3355/111/1816/3576/6372/10563/108/2151/5924/27115/26575/1607/2861/6608/9162/7434/5368/5179/26166/6363/6366/1903/9568/114131/10276/6387/187/170589/5138/4314/643/2784/5139/5744/552/4922/27198/26960/3356/1880/624/623/6367/6347/6354/6356/6357/6752/116/2774/79948/5731/5332/2847/27334",82,TRUE,"Reactome","ORA","higher_in_IPF",10
"R-HSA-216083","Integrin cell surface interactions","27/703","80/9062",0.3375,4.35053342816501,8.72892955180383,1.91994789487469e-11,1.7628612489304e-09,1.63517093439089e-09,"1307/1298/7412/1281/1290/2335/1293/3680/1294/1295/6696/3673/1300/3696/1278/3371/1289/3679/4060/2200/22801/1277/1311/1299/80781/1288/1287",27,TRUE,"Reactome","ORA","higher_in_IPF",11
"R-HSA-373076","Class A/1 (Rhodopsin-like receptors)","43/703","191/9062",0.225130890052356,2.90204285299353,7.70440769717774,1.04524150586468e-10,8.79744934102774e-09,8.16021877385585e-09,"1269/9890/183/3973/6869/151/3357/5021/1233/1237/3355/1816/3576/6372/10563/2151/2861/5368/5179/6363/6366/1903/6387/187/170589/643/552/4922/27198/3356/1880/624/623/6367/6347/6354/6356/6357/6752/79948/5731/2847/27334",43,TRUE,"Reactome","ORA","higher_in_IPF",12
"R-HSA-388396","GPCR downstream signalling","70/703","422/9062",0.165876777251185,2.13822952411129,6.94412877127289,5.42356264751339e-10,4.21369097999117e-08,3.90847834517159e-08,"83756/1269/5999/8490/5996/5997/183/2786/388/3973/6869/151/5136/2335/3357/25791/10267/2917/5021/1233/1237/2912/3355/111/1816/3576/6372/10563/108/2151/5924/27115/26575/1607/2861/9162/7434/5368/5179/26166/6363/6366/1903/9568/10276/6387/187/170589/5138/4314/643/2784/5139/5744/552/4922/27198/26960/3356/1880/624/623/6357/6752/116/2774/5731/5332/2847/27334",70,TRUE,"Reactome","ORA","higher_in_IPF",13
"R-HSA-1592389","Activation of Matrix Metalloproteinases","14/703","27/9062",0.518518518518518,6.68394710499974,8.57741447546314,1.95309791402397e-09,1.40902063797444e-07,1.30696025825664e-07,"1513/50859/4325/1515/4316/4319/4312/4314/4322/1215/1511/4313/80781/4320",14,TRUE,"Reactome","ORA","higher_in_IPF",14
"R-HSA-9734767","Developmental Cell Lineages","24/703","80/9062",0.3,3.86714082503556,7.46957784884503,3.85239356218023e-09,2.59394499853469e-07,2.40605633006344e-07,"2707/255631/1301/3713/1281/1290/2335/8626/8842/7980/1278/168620/203111/1289/3852/3848/9071/64714/3866/3861/3872/1277/3691/5650",24,TRUE,"Reactome","ORA","higher_in_IPF",15
"R-HSA-418594","G alpha (i) signalling events","42/703","208/9062",0.201923076923077,2.60288324762009,6.78191533382729,5.8546349811901e-09,3.69573833187625e-07,3.42804285082841e-07,"83756/1269/5999/8490/5996/183/2786/151/5136/2917/1233/1237/2912/3355/111/3576/6372/10563/108/26575/2861/5368/5179/26166/6363/6366/1903/9568/6387/187/643/2784/27198/26960/1880/624/623/6357/6752/2774/5332/2847",42,TRUE,"Reactome","ORA","higher_in_IPF",16
"R-HSA-375276","Peptide ligand-binding receptors","28/703","109/9062",0.256880733944954,3.31131324467877,7.04005950219548,9.38136303359196e-09,5.38974663165541e-07,4.99934810023274e-07,"183/6869/5021/1233/1237/3576/6372/10563/2151/2861/5368/5179/6363/6366/6387/187/643/552/4922/624/623/6367/6347/6354/6356/6357/6752/2847",28,TRUE,"Reactome","ORA","higher_in_IPF",17
"R-HSA-381426","Regulation of Insulin-like Growth Factor (IGF) transport and uptake by Insulin-like Growth Factor Binding Proteins (IGFBPs)","26/703","96/9062",0.270833333333333,3.49116880037933,7.11586942847634,9.60548904651459e-09,5.38974663165541e-07,4.99934810023274e-07,"60676/4052/2335/3485/3488/7857/11167/7018/1356/3490/6696/721/5179/51280/3371/5069/4312/3479/1511/2200/4313/3487/1000/3270/26085/3053",26,TRUE,"Reactome","ORA","higher_in_IPF",18
"R-HSA-9830674","Formation of the ureteric bud","10/703","16/9062",0.625,8.05654338549075,8.19242135099828,3.86679887118492e-08,2.05550887362988e-06,1.90662105005794e-06,"10736/6092/2668/2296/2138/5979/2674/6495/26585/2303",10,TRUE,"Reactome","ORA","higher_in_IPF",19
"R-HSA-1296071","Potassium Channels","20/703","66/9062",0.303030303030303,3.90620285357127,6.87166112772417,6.39899008506024e-08,3.23148999295542e-06,2.99742167142296e-06,"3737/3752/3782/3756/3776/2786/3754/131096/3779/3751/3788/9568/3778/3741/2784/10060/10021/3773/3783/3745",20,TRUE,"Reactome","ORA","higher_in_IPF",20
