"theme","direction","GO_BP_ORA_n","Reactome_ORA_n","GO_BP_ranked_enrichment_n","evidence_streams_present","cross_method_support","cross_resource_support","triangulated_support","total_theme_memberships","evidence_class","GO_BP_ORA_present","Reactome_ORA_present","GO_BP_ranked_enrichment_present"
"ECM_fibrotic_remodeling","higher_in_IPF",2,8,3,3,TRUE,TRUE,TRUE,13,"triangulated",TRUE,TRUE,TRUE
"ECM_fibrotic_remodeling","lower_in_IPF",0,0,0,0,FALSE,FALSE,FALSE,0,"not_represented",FALSE,FALSE,FALSE
"cilium_axoneme_motility","higher_in_IPF",11,0,6,2,TRUE,FALSE,FALSE,17,"cross_method",TRUE,FALSE,TRUE
"cilium_axoneme_motility","lower_in_IPF",0,0,0,0,FALSE,FALSE,FALSE,0,"not_represented",FALSE,FALSE,FALSE
"tissue_structural_remodeling","higher_in_IPF",2,1,3,3,TRUE,TRUE,TRUE,6,"triangulated",TRUE,TRUE,TRUE
"tissue_structural_remodeling","lower_in_IPF",0,3,0,1,FALSE,FALSE,FALSE,3,"single_stream",FALSE,TRUE,FALSE
"mucosal_antimicrobial_innate_immunity","higher_in_IPF",0,0,0,0,FALSE,FALSE,FALSE,0,"not_represented",FALSE,FALSE,FALSE
"mucosal_antimicrobial_innate_immunity","lower_in_IPF",6,1,0,2,FALSE,TRUE,FALSE,7,"cross_resource",TRUE,TRUE,FALSE
"leukocyte_neutrophil_processes","higher_in_IPF",0,0,0,0,FALSE,FALSE,FALSE,0,"not_represented",FALSE,FALSE,FALSE
"leukocyte_neutrophil_processes","lower_in_IPF",3,1,0,2,FALSE,TRUE,FALSE,4,"cross_resource",TRUE,TRUE,FALSE
"surfactant_lipid_sterol_metabolism","higher_in_IPF",0,0,0,0,FALSE,FALSE,FALSE,0,"not_represented",FALSE,FALSE,FALSE
"surfactant_lipid_sterol_metabolism","lower_in_IPF",1,2,0,2,FALSE,TRUE,FALSE,3,"cross_resource",TRUE,TRUE,FALSE
"mitochondrial_OXPHOS_ATP","higher_in_IPF",0,0,0,0,FALSE,FALSE,FALSE,0,"not_represented",FALSE,FALSE,FALSE
"mitochondrial_OXPHOS_ATP","lower_in_IPF",0,0,12,1,FALSE,FALSE,FALSE,12,"single_stream",FALSE,FALSE,TRUE
"broad_signalling_or_mixed","higher_in_IPF",5,11,9,3,TRUE,TRUE,TRUE,25,"triangulated",TRUE,TRUE,TRUE
"broad_signalling_or_mixed","lower_in_IPF",10,13,8,3,TRUE,TRUE,TRUE,31,"triangulated",TRUE,TRUE,TRUE
