"theme","resource","method","direction","pathway_count"
"broad_signalling_or_mixed","GO:BP","ORA","higher_in_IPF",5
"broad_signalling_or_mixed","GO:BP","ORA","lower_in_IPF",10
"broad_signalling_or_mixed","GO:BP","ranked_enrichment","higher_in_IPF",9
"broad_signalling_or_mixed","GO:BP","ranked_enrichment","lower_in_IPF",8
"broad_signalling_or_mixed","Reactome","ORA","higher_in_IPF",11
"broad_signalling_or_mixed","Reactome","ORA","lower_in_IPF",13
"cilium_axoneme_motility","GO:BP","ORA","higher_in_IPF",11
"cilium_axoneme_motility","GO:BP","ranked_enrichment","higher_in_IPF",6
"ECM_fibrotic_remodeling","GO:BP","ORA","higher_in_IPF",2
"ECM_fibrotic_remodeling","GO:BP","ranked_enrichment","higher_in_IPF",2
"ECM_fibrotic_remodeling","Reactome","ORA","higher_in_IPF",8
"ECM_fibrotic_remodeling;tissue_structural_remodeling","GO:BP","ranked_enrichment","higher_in_IPF",1
"leukocyte_neutrophil_processes","GO:BP","ORA","lower_in_IPF",3
"leukocyte_neutrophil_processes","Reactome","ORA","lower_in_IPF",1
"mitochondrial_OXPHOS_ATP","GO:BP","ranked_enrichment","lower_in_IPF",12
"mucosal_antimicrobial_innate_immunity","GO:BP","ORA","lower_in_IPF",6
"mucosal_antimicrobial_innate_immunity","Reactome","ORA","lower_in_IPF",1
"surfactant_lipid_sterol_metabolism","GO:BP","ORA","lower_in_IPF",1
"surfactant_lipid_sterol_metabolism","Reactome","ORA","lower_in_IPF",2
"tissue_structural_remodeling","GO:BP","ORA","higher_in_IPF",2
"tissue_structural_remodeling","GO:BP","ranked_enrichment","higher_in_IPF",2
"tissue_structural_remodeling","Reactome","ORA","higher_in_IPF",1
"tissue_structural_remodeling","Reactome","ORA","lower_in_IPF",3
